customer_id,model,saleprice,VIN,month,year,day
3725,Model Q,103650.67,3DJ0SJ05DFL8,4,2020,2
3304,Model Q,100711.91,86CZE8TGIAH0,5,2020,8
9895,Model Q,79921.68,XHHVSUPT3SQN,6,2020,8
3671,Model Q,77666.19,93IMGYGIRKLU,2,2020,23
5375,Model Q,85789.27,AHV1E1ATF130,3,2020,6
4993,Model Q,80530.83,QC4IRE40MAZ4,3,2020,11
6454,Model Q,113464.66,HBFM3M7U0KBI,2,2020,15
1439,Model Q,89784.87,VG8SKXH5YIYM,4,2020,13
9010,Model Q,105979.93,9LJHDRFJ0H6U,2,2020,17
4226,Model Q,94859.55,ZNYKP7JSV8WQ,6,2020,20
1049,Model Q,103191.3,5OVDD1MWX3US,1,2020,14
5185,Model Q,77371.33,8X8EUZS7NYCW,1,2020,13
6001,Model Q,79147.89,A1EV09GATW8U,1,2020,17
5285,Model Q,75941.31,3RTKT0MI4TXJ,5,2020,5
4195,Model Q,81531.24,ER9L51M7G2TN,4,2020,29
9697,Model Q,80790.15,577FXD1MDQ1Q,1,2020,29
2335,Model Q,80850.29,TPEX1A5CQ9UB,2,2020,18
2933,Model Q,73089.3,DG239R7U2K84,6,2020,16
182,Model Q,102072.31,2ZVCZPQM6UJW,1,2020,2
1589,Model Q,96424.32,AAGHKXHI99L6,1,2020,5
4714,Model Q,73956.22,HDSFUVPCIVXV,4,2020,20
7982,Model Q,120427.15,DH0VZ1DBBF7M,5,2020,19
9662,Model Q,71858.52,Q48T1OFMV9G3,3,2020,4
6023,Model Q,110413.98,MV2XMJU73JRT,5,2020,10
5746,Model Q,90228.14,NKY6ZUBA9IKG,4,2020,8
298,Model Q,96796.69,HP46BH0J00E2,1,2020,20
3712,Model Q,84896.83,XZULCZMFSZZP,6,2020,29
2224,Model Q,93502.26,EX5IKYISKUG2,3,2020,9
5722,Model Q,84826.21,HWPOB5I9KZAU,5,2020,2
6089,Model Q,88028.69,PC04FHLO8IBB,4,2020,5
1252,Model Q,102228.55,RLHWP8K83AFV,4,2020,2
3215,Model Q,96988.05,4PEQVEKC44OB,1,2020,10
4390,Model Q,83804.91,Z1W72KJFIQIU,6,2020,30
5644,Model Q,81726.62,Q0ZKOVBTFIUL,5,2020,8
4352,Model Q,84281.77,IPJHFH77KRQ0,4,2020,25
8425,Model Q,81548.6,GDH3WSJUFWYE,2,2020,23
8510,Model Q,78165.23,Y40A0RW8P8O8,6,2020,4
1412,Model Q,116610.71,YADYAR72RFEE,6,2020,7
1337,Model Q,74449.22,Z65S2434DQDF,1,2020,3
212,Model Q,81662.86,56F364PFPMI4,5,2020,11
2969,Model Q,109105.88,C0ZDVYQ9NO13,3,2020,4
6751,Model Q,119968.39,MP0GNVN7P8O7,2,2020,14
7552,Model Q,78011.08,O7IPI7E70N18,1,2020,22
8615,Model Q,119565.82,FOAG1L1WM4XA,2,2020,1
5578,Model Q,103369.85,PSEBPKKJU1YS,3,2020,31
277,Model Q,99776.1,9Z3Q4LDUYTZB,3,2020,17
2023,Model Q,77983.94,2WXCYKP5PWEI,4,2020,7
2981,Model Q,76271.66,FIU9SWVQU1FR,3,2020,4
5465,Model Q,72783.78,3YAF2FRQZ216,1,2020,28
9986,Model Q,120474.36,VW5FX7WE4WQ6,5,2020,28
3341,Model Q,98067.93,MZ5ULPA9JXFJ,2,2020,6
850,Model Q,99054.84,1543T0YAFVE9,4,2020,8
554,Model Q,93748.8,35NM9VFOA4VP,3,2020,25
8528,Model Q,110534.81,4F8KXHBFI29L,1,2020,17
8234,Model Q,66918.57,IPIYLZ2DNT9K,6,2020,14
8774,Model Q,81427.25,CV6NFOHFXY3M,2,2020,15
8618,Model Q,97306.78,8SVW3TWKFBHI,1,2020,2
7912,Model Q,87632.84,VW47VBEHPUUS,5,2020,14
6536,Model Q,81229.07,9T4ABVUALU2A,3,2020,1
3715,Model Q,77629.99,U4HQM2I1K757,3,2020,22
9430,Model Q,102158.89,NIZAT6GH6VC5,5,2020,3
2582,Model Q,93653.13,HKS4HJT2VHA9,4,2020,2
4057,Model Q,107289.37,VMMLZ46ZBM18,1,2020,31
1681,Model Q,68331.17,E24P42VTJFGO,4,2020,17
6262,Model Q,108423.32,S4RXBP4I3EGS,1,2020,29
3841,Model Q,87639.54,NLX7X4XSWCG8,4,2020,16
1424,Model Q,109458.6,0TZ2NUEYN4TV,1,2020,28
7777,Model Q,94958.39,C0MZMFIXLQGP,2,2020,9
2132,Model Q,101551.17,KJSAII9JSE5U,5,2020,1
1105,Model Q,98128.87,DPS1ETQ66AKV,4,2020,9
7261,Model Q,77125.96,SPHSXAP1WQLK,6,2020,8
6358,Model Q,79053.59,6MN4WWBXN7CD,4,2020,26
8561,Model Q,111257.7,0M5CAR32JXH2,3,2020,23
9196,Model Q,106456.94,1LGXQBHONNBK,2,2020,16
2548,Model Q,95756.04,9NJHKLPUI7XW,5,2020,13
2225,Model Q,103788.58,JI4UCVD90K1T,6,2020,23
7738,Model Q,72162.83,QZ4BLYQ4AVAO,2,2020,24
4537,Model Q,83116.82,0CF4R1KHUENJ,1,2020,11
5863,Model Q,77247.44,C8KRZJVLXH0G,5,2020,20
4498,Model Q,83284.24,RQ8C0F5F2NYL,2,2020,15
8342,Model Q,77887.24,NH37V2G784UJ,1,2020,12
9815,Model Q,70903.31,AL5TR3RFIYLD,3,2020,12
5128,Model Q,114234.6,ZDT8AHSJ4FET,1,2020,11
4675,Model Q,113309.39,3XXNSS83SCFT,1,2020,1
1345,Model Q,111126.1,NYNJA9N6GIVG,4,2020,21
7136,Model Q,80899.6,ZSC9D0Q1OITW,5,2020,7
1052,Model Q,120570.23,SG155SG7R5RX,5,2020,27
9491,Model Q,99583.38,J9KH6XBSJ03F,5,2020,5
4844,Model Q,94565.32,30PQIG4B10WU,3,2020,19
1954,Model Q,80778.3,U5IKJH1WOM23,5,2020,31
4135,Model Q,79831.85,POGD5Z28LHYB,4,2020,8
8129,Model Q,93279.03,FDT6NDRO1SZ0,4,2020,8
4000,Model Q,66577.13,9VGPCWVOE9W1,1,2020,2
6002,Model Q,80891.48,ZM1QO9CR5YZ9,6,2020,29
7679,Model Q,94138.55,GUHRI4FIKJ1K,1,2020,26
3070,Model Q,85013.26,Z45871JZSWQ7,1,2020,25
9622,Model Q,82632.81,BCMCNT6L4ZEW,1,2020,18
683,Model Q,96407.45,3OJOCR35KAXN,6,2020,30
6094,Model Q,98339.63,HSGCBOXGGMLK,4,2020,25
2126,Model Q,89339.48,1CA6ZUKMQCGX,2,2020,16
3218,Model Q,87385.37,1C6MZ9VV6VFX,6,2020,19
5386,Model Q,103936.15,R8NTGGR2FHOQ,4,2020,24
7909,Model Q,95131.79,D6PG6GIU1CSM,5,2020,15
2921,Model Q,78032.18,WLSVGUPLI9QG,3,2020,4
695,Model Q,82944.13,IG8IPPPK1900,5,2020,22
9043,Model Q,78733.75,151X1LTVKDT2,1,2020,23
9026,Model Q,72191.81,E4ZDWC1DTD65,1,2020,1
2566,Model Q,112650.33,35T31AR26470,2,2020,15
2923,Model Q,98431.94,8UI94ZVM9PLI,5,2020,24
2078,Model Q,115039.64,CVUDDS522EKJ,2,2020,7
7289,Model Q,110435.79,ZDR1PQ8WAKRA,2,2020,23
6712,Model Q,78543.55,VMYPOEH38Y64,5,2020,10
9350,Model Q,84637.21,2VQCZ57F10VL,3,2020,29
4999,Model Q,107099.53,URC3XKZN7T4Q,6,2020,4
3911,Model Q,119755.66,XIZLA5ELVNN6,3,2020,17
58,Model Q,104422.72,HLDAGAI8061M,3,2020,17
5179,Model Q,80255.49,V7H7DG6P2FAI,6,2020,8
4834,Model Q,78645.25,YA69CYM568UK,5,2020,12
6800,Model Q,90445.76,YTN3DXCKV5K9,3,2020,12
5765,Model Q,71357.59,NGVKYBR7Y64E,4,2020,24
4666,Model Q,77498.02,FA4QESABPGGU,1,2020,24
5476,Model Q,68907.94,PKUUA0CE7L67,1,2020,2
5693,Model Q,70539.81,JO2ZVCTZCEPH,4,2020,17
4282,Model Q,118574.83,2QW7I1NNGP4Q,4,2020,1
2473,Model Q,94713.75,0UZD3E5YS9F4,5,2020,20
1291,Model Q,83521.32,NG7RZWEJZNS2,2,2020,16
6020,Model Q,68032.8,2CQWQE3OOIRW,4,2020,6
6082,Model Q,83557.04,11QT63EHHWD4,3,2020,12
8105,Model Q,85659.58,JP07MFBFDKB9,6,2020,23
5624,Model Q,96311.08,PRWVKHF6P0AV,5,2020,9
8344,Model Q,81170.17,8QLZ51FNNOKT,3,2020,27
9602,Model Q,103432.44,WE3QMAG7Z5FN,6,2020,8
9907,Model Q,76720.0,J8PDZ6B2QT7S,3,2020,22
8068,Model Q,82420.29,DJB4FYFKOCE7,5,2020,25
3308,Model Q,112571.17,2X822YD7KXBH,6,2020,21
3248,Model Q,84917.46,F5KY2H6JUF3G,6,2020,8
5768,Model Q,113117.12,W8VLBGVPI8U0,3,2020,11
4544,Model Q,80739.41,20EMGBDOKSM0,5,2020,24
8303,Model Q,110616.43,GDYXHY3Z8XSK,4,2020,24
8056,Model Q,75166.59,BPW898QOUC1E,2,2020,19
3770,Model Q,97194.04,59SQHIDHPCOQ,3,2020,13
6451,Model Q,79120.08,IZ7YN4SGN69Z,3,2020,10
7613,Model Q,109122.38,VCAD4M11UC5P,4,2020,28
7978,Model Q,108801.57,STHUKI531JIZ,5,2020,14
4016,Model Q,90290.95,PIWA7708D8YG,1,2020,15
6313,Model Q,76858.88,VHS5SNORX0I8,5,2020,27
8141,Model Q,96009.16,3U35LCS891UE,4,2020,20
9559,Model Q,79701.41,EG0VFY1X81HS,3,2020,10
2630,Model Q,115082.56,143WMB5B2CB9,3,2020,8
3572,Model Q,89197.47,GFB88TL4T3VV,6,2020,21
1363,Model R,95471.8,UAYFPBN1GVG1,7,2020,2
6952,Model R,97982.13,V1TLMN7JR07G,7,2020,2
2425,Model C,75564.97,1HIEYF8AL94P,7,2020,2
746,Model C,72683.78,OROQ65292MIG,7,2020,2
8360,Model R,108877.11,BQV13N812PTS,7,2020,2
857,Model R,98461.13,V0VCBKMFK75B,7,2020,2
9520,Model D,94247.05,MNSV5Y97D1WP,7,2020,2
7948,Model D,88692.44,7X2LG2DYUHY3,7,2020,2
115,Model D,90782.82,FC5QGBW74AII,7,2020,2
3571,Model R,116587.55,CAD8TDSWNG9Q,7,2020,2
1640,Model R,92191.86,ZYC8VORBM0VE,7,2020,2
8696,Model R,110650.65,O39SCRUF5XEF,7,2020,2
898,Model D,74870.2,1GLSAI6AB6JQ,7,2020,2
9935,Model R,104157.18,UZ1OUA1N31WN,7,2020,2
5806,Model D,91965.34,P9J5KX30MBC3,7,2020,2
4612,Model R,114060.41,02J119AZZ3B5,7,2020,2
2185,Model R,112843.66,W79MPTR10VEY,7,2020,2
2191,Model R,107320.76,FA5H43RVSBTB,7,2020,2
2494,Model R,117424.38,OKSR1P35RXV1,7,2020,2
4130,Model C,79729.25,MK6JK4RMXV5C,7,2020,3
8249,Model D,88324.17,J653JNJEUIE1,7,2020,3
9703,Model R,99657.69,D77JIWKEEVRH,7,2020,3
8897,Model D,90958.31,IE9QSP8UI8HL,7,2020,3
5786,Model D,75364.8,FC8J31RU9A95,7,2020,3
3089,Model D,90579.19,WXFN8VYIBWBL,7,2020,3
6968,Model R,106932.9,ZZ8SPOJF1UD7,7,2020,3
8504,Model D,85381.25,XV7MHRPNLOGL,7,2020,3
1111,Model R,99937.45,ZJ3PL5SHEFUJ,7,2020,3
3100,Model C,83184.19,MX0SBC03YE23,7,2020,3
2030,Model D,93160.1,1P95QFONMLYD,7,2020,3
6244,Model C,71433.97,943XG0N076RO,7,2020,3
136,Model C,70866.21,T6JNH6DYS3ID,7,2020,3
3934,Model R,114143.4,ZJS49EK0O1NK,7,2020,3
1409,Model C,68550.26,WBTYU174AIX1,7,2020,4
8119,Model R,109826.95,0H78SP209U3Q,7,2020,4
3800,Model D,94782.6,9J0WX2KM9T96,7,2020,4
6055,Model D,79520.46,O9VQCHSF0OWO,7,2020,4
4003,Model D,75072.68,XGSM46WHVS4G,7,2020,4
6191,Model C,74761.82,81JNV643VZXW,7,2020,4
7534,Model C,74594.61,OVLDHMGB40MG,7,2020,4
3746,Model D,76837.72,2KX9VHH8B356,7,2020,4
2908,Model R,97451.99,WNZBX522M0S9,7,2020,4
968,Model D,95510.38,4OITY4Y22E7S,7,2020,5
2579,Model R,110744.79,2RI14NITLF2Y,7,2020,5
5647,Model R,98661.44,P7HBE77ORE73,7,2020,5
7708,Model C,70661.58,0K621IXE30U2,7,2020,5
2561,Model D,77433.36,3UF6R3P3SXN0,7,2020,5
8848,Model R,119520.05,7A4MXK38O1IP,7,2020,5
5153,Model C,81267.8,V5JMH1QVZOJU,7,2020,5
4616,Model R,104775.29,9GMCWCINKW8W,7,2020,5
7400,Model C,71625.84,LQZK9ZBX726P,7,2020,5
4636,Model D,86770.2,P6R94PULIEQU,7,2020,5
517,Model D,83936.81,J4TJHG7R2CPA,7,2020,5
8273,Model D,88878.45,CGHATQGKMWUB,7,2020,5
9842,Model D,95767.74,PM50ET5BCXLB,7,2020,5
7118,Model D,85326.92,LK7W9Y1UI1VZ,7,2020,5
8974,Model C,74999.73,8TYJCCDBDR5X,7,2020,5
8444,Model C,70047.65,8UYSIGE554BX,7,2020,5
1346,Model R,105584.96,JNEC74BPDALZ,7,2020,5
5839,Model D,77031.65,NPOZ1G02GDOZ,7,2020,5
6284,Model C,68835.13,L6LJB8X986HE,7,2020,5
1456,Model R,118578.9,WW354KPP5ZGC,7,2020,5
6529,Model D,92984.94,XAVG0O4FW2W4,7,2020,5
2584,Model D,82692.42,QVVH12SQTI70,7,2020,5
3035,Model R,103552.76,F6545OZPM2BZ,7,2020,5
9371,Model C,80505.52,SFTQRE77ZQSL,7,2020,6
2645,Model C,79172.35,HU6E4298ITKT,7,2020,6
7250,Model R,109349.95,H7ZNIHGSQGG8,7,2020,6
709,Model C,82317.22,UFAXJZI36VO9,7,2020,6
1973,Model D,95263.98,ENVKEBBSIQZI,7,2020,6
6367,Model C,83768.68,975J0SJV0EI9,7,2020,6
3014,Model D,80911.19,XYIVSIJA7J7P,7,2020,6
9088,Model D,91517.3,UNM9JZ7DQ55N,7,2020,6
2405,Model D,83937.39,X46HC9ZW2092,7,2020,6
358,Model R,103967.8,D7GJ3HQ5T4H2,7,2020,6
8363,Model D,89899.63,IHE594UXHO9I,7,2020,6
8936,Model R,119448.37,L72XTGO24AGU,7,2020,6
7969,Model C,79129.23,JCGW6CQCKXX0,7,2020,6
2932,Model D,81179.06,K1GL6XZPIE9T,7,2020,6
5734,Model R,112588.79,PFVU21WL10YC,7,2020,6
8375,Model C,83904.17,RYGGKUCDK8WG,7,2020,6
3436,Model R,113339.49,5F147OFRWW0M,7,2020,7
5458,Model R,111887.95,X5A6H15AP3W1,7,2020,7
3185,Model R,112785.42,GRUDSO684V8Y,7,2020,7
1106,Model D,84637.83,YD0JOW0TVOF2,7,2020,7
8413,Model D,81626.6,PYQ4Z5K9OC2Z,7,2020,7
5201,Model R,97724.33,W66LCKRYOTT2,7,2020,7
5599,Model R,105097.71,F484RRLQRDUF,7,2020,7
6368,Model R,103106.75,MEU3VBCTBRL5,7,2020,7
1919,Model C,68645.1,FZITDYB6KFNE,7,2020,7
2045,Model C,84398.92,HDD5IWCCZ5NQ,7,2020,7
7154,Model D,80123.89,7XHUO5F378MC,7,2020,7
6640,Model D,89525.55,BGE8GECNQHVY,7,2020,7
4477,Model R,108418.89,XLU6T8724YNN,7,2020,7
5333,Model R,108273.52,H2C6USQJUFR7,7,2020,7
1565,Model R,94314.29,GWT09FGM86YI,7,2020,7
6922,Model R,105837.57,81P5VW8VKY6P,7,2020,7
8467,Model R,99401.25,S92B903ANE7Z,7,2020,7
5390,Model D,76256.16,HV9DV28RO4LO,7,2020,8
5195,Model C,79577.25,IMB16KRNY3CM,7,2020,8
3296,Model R,94953.86,O6TD1DOQ3Z8X,7,2020,8
4927,Model D,78965.61,F2X4AWQXX38O,7,2020,8
7229,Model R,113106.24,20DQPYQGXUPE,7,2020,8
1939,Model R,119022.21,7FXHSUD9P7A7,7,2020,8
9664,Model C,75153.61,RM3SEKB94IVD,7,2020,8
9812,Model D,95139.96,YU20J5UCOFY9,7,2020,8
3842,Model C,70416.56,TNRZI4SFOLHV,7,2020,8
5827,Model D,83266.9,PQ8TT0FQKJWF,7,2020,8
8534,Model R,113054.15,3GEZ5TZ8Q075,7,2020,8
9716,Model C,73465.49,9M1UX974LZR6,7,2020,8
3806,Model C,82290.1,4AUEEL1YLTHG,7,2020,8
5513,Model C,81459.9,G8ETZ51LJ144,7,2020,8
4732,Model C,80009.91,0IU06XZ02TY3,7,2020,8
8293,Model R,112366.9,41M4S2DUK37U,7,2020,8
6874,Model C,72253.36,YTRHXRILQW1W,7,2020,8
6679,Model R,96409.48,VJ2ALM4XYFBF,7,2020,9
7418,Model R,103446.7,JVGS4NLQTY4K,7,2020,9
8755,Model C,68964.62,Y6ZPHBL3GB4V,7,2020,9
4325,Model R,111896.51,052Z62Q3QFVS,7,2020,9
1229,Model R,94387.65,Q4WP9XJLF57F,7,2020,9
6995,Model R,111094.86,KXSS5QG0NCEQ,7,2020,9
6286,Model D,88477.6,HW5LYG10ZQ44,7,2020,9
8686,Model D,83051.74,EKX6J9GSQG84,7,2020,9
4852,Model C,76762.4,FF16R3B6PB3A,7,2020,9
6517,Model C,79793.19,OVXGFJJA0DEO,7,2020,9
5681,Model C,78654.54,CMJ3UK1C1GSP,7,2020,9
5294,Model R,101879.83,TRXLFK4BZ5SI,7,2020,10
1852,Model D,87264.66,RCRCI1F9JDJK,7,2020,10
3329,Model C,71883.83,2JSE11UAXKRU,7,2020,10
4756,Model C,75713.46,OV6L8OZCXPYW,7,2020,10
1654,Model D,92729.16,7UAJD1RNAXJ5,7,2020,10
6170,Model C,80154.33,NMQ7D5JVRK0N,7,2020,10
9983,Model R,105856.07,SDZGKXJW3ZJ7,7,2020,10
7502,Model D,93822.92,L23NYY6AQUZH,7,2020,10
9919,Model R,111700.18,L77Q6NFS4820,7,2020,10
6277,Model R,115793.39,6JVEBWCH969P,7,2020,10
1126,Model R,111950.94,AX73RNPWOYTT,7,2020,10
8852,Model D,76263.39,USXUU4RO0ITF,7,2020,10
3208,Model C,73344.74,UQYTI1MDORZK,7,2020,10
3202,Model R,99098.48,IA5E3GA9386D,7,2020,10
1853,Model D,77013.18,XZA3VQIE5E3J,7,2020,10
9529,Model C,81217.75,GOOJHFPZQWG6,7,2020,10
5522,Model R,116099.79,342GN82M3VTH,7,2020,10
5627,Model R,118861.86,W15RIVBTGMP9,7,2020,10
7001,Model D,81755.03,RGM7BK82H1VQ,7,2020,10
2018,Model C,75782.07,4IBTJATETMQU,7,2020,11
1933,Model C,71415.97,PP2TQDX072FK,7,2020,11
712,Model R,117747.86,OC249G24Y07Q,7,2020,11
1712,Model R,118231.67,QH9UYTYT5YZO,7,2020,11
6127,Model R,111747.59,BHWKV9NPHYOJ,7,2020,11
3964,Model R,96557.01,RRNNUGWPWYKL,7,2020,11
5564,Model D,78346.51,S5MAL1DZOKOK,7,2020,11
3568,Model R,96825.15,YNDXVM4L0FDS,7,2020,11
6112,Model D,75077.95,K8OCJDGDDK3D,7,2020,11
6364,Model D,88832.39,3XKUFY9T6R4Y,7,2020,11
887,Model D,89316.93,7RI4IDOWKORJ,7,2020,11
6116,Model C,75963.75,RNS6AAE7HL24,7,2020,11
3400,Model D,90555.57,AV2CGAI4XW92,7,2020,11
2905,Model D,91952.08,H92DRTMJH3UM,7,2020,11
3247,Model D,81418.32,Y59LXZWWPS57,7,2020,11
8042,Model D,95014.65,6P5YCZKQ9WL5,7,2020,12
8728,Model D,79669.64,OBPIQ9RZUOJL,7,2020,12
1045,Model D,86249.29,3UMQ0MNDKT1C,7,2020,12
1240,Model D,92767.28,MKJ1OAB7ILB5,7,2020,12
1067,Model D,78522.75,CGSG0GXPZM9W,7,2020,12
8374,Model R,114101.73,GVAQQW2OQS4J,7,2020,12
2317,Model R,117064.37,XKS7OMKV4DRB,7,2020,12
635,Model C,79983.5,D0I5H6AA6STK,7,2020,12
6910,Model C,65958.69,WE10L25OC1RJ,7,2020,12
1418,Model C,72979.67,TTZ9UHMW16Y7,7,2020,12
4193,Model R,116846.96,0K9R1G155ZXP,7,2020,12
7427,Model C,70701.79,KCVN18C2JAF4,7,2020,12
2794,Model C,83723.29,WW3NYSOFK6GP,7,2020,12
3413,Model C,77613.92,2Z4HC5UHUL6M,7,2020,12
4415,Model R,104764.66,WEZB8RAHDKQK,7,2020,12
1510,Model C,68907.14,NYBRC5VMHRZB,7,2020,12
8371,Model R,101613.2,L7TNHRZXJ23D,7,2020,12
2077,Model R,96612.68,9OEREOQA9RCP,7,2020,13
3580,Model R,106208.92,97ME6F1ZD33T,7,2020,13
2998,Model C,74632.51,RWW72J70B5MQ,7,2020,13
3652,Model D,88508.36,GJVY29MQKCQ4,7,2020,13
538,Model C,66896.47,YFTJJQW9U5GD,7,2020,13
8497,Model C,78717.39,M9KYQTCY552Q,7,2020,13
5777,Model R,97814.95,447JTWVWWZBH,7,2020,13
8354,Model D,93978.26,CK4Z0VFDDHPN,7,2020,13
8170,Model R,106065.72,BF8BFVT623O1,7,2020,13
5587,Model D,96165.9,LV0UMEHLKVYU,7,2020,13
5653,Model D,74665.62,UGPQ5ERD6Q7L,7,2020,13
3385,Model D,90154.29,1GC8X1YFU96Y,7,2020,13
3173,Model R,95638.05,QUMD22KVA5X9,7,2020,13
2171,Model R,114949.72,0DN5DBEDJT70,7,2020,13
731,Model C,69812.79,CI87VA1G9NEB,7,2020,13
7880,Model R,112728.57,DHUZDA844E2V,7,2020,14
3104,Model R,97897.68,WXLGSUN3442N,7,2020,14
5485,Model R,115773.87,ZPJ6ZZPJ83HB,7,2020,14
6079,Model D,93072.89,TNOACGPJDOBD,7,2020,14
6083,Model C,80557.08,LWMLZWF5EH98,7,2020,14
2947,Model D,92248.04,7L5IIIB8FFGH,7,2020,14
8770,Model R,94964.07,LJ8VRMVHPWA5,7,2020,14
796,Model D,84265.41,6QMZZGI2K5MM,7,2020,14
760,Model C,67377.03,RFEJ35I83FWB,7,2020,14
4667,Model C,78073.19,DHDXZZZELJAZ,7,2020,14
9359,Model R,111449.49,08F4DA1ZEG8V,7,2020,14
4267,Model C,75561.01,TIXUDYSID1NJ,7,2020,14
8200,Model R,95451.09,L9IXWQ3HH5OA,7,2020,14
307,Model C,74507.16,QRK8E1FATFVL,7,2020,14
1013,Model D,76092.06,K6N1T9BCQHWX,7,2020,14
2843,Model D,94992.44,P1QMZDHQN3FT,7,2020,14
1952,Model D,76975.21,P1Y8AC22DMLS,7,2020,14
8627,Model C,75127.91,5BPN8F673INU,7,2020,15
6347,Model C,68075.38,6VIIYX31KEKR,7,2020,15
6316,Model R,97831.64,P5T7BVGYSEZK,7,2020,15
4043,Model C,81578.19,R69YZUH0RH76,7,2020,15
5165,Model C,68263.08,OG9I2EL3K4FI,7,2020,15
2992,Model D,81177.58,Y0OVWZUIB1WN,7,2020,15
1910,Model D,93446.45,ZS0SHWIFPYMI,7,2020,15
8239,Model C,82081.68,0YIMEQTQPS4K,7,2020,15
5956,Model R,116323.63,PSEV83G3ZPNM,7,2020,15
9028,Model C,66662.97,ZWGAGIRBVYM4,7,2020,15
4192,Model R,117963.45,PC2L66SKURIX,7,2020,15
8603,Model R,105592.4,0PCQVG48XDWW,7,2020,15
8836,Model C,80302.05,664OUFFOICD5,7,2020,15
2164,Model D,89423.87,OHVQEI4ZD6N4,7,2020,15
1007,Model R,113245.27,F92UVQI2RV3C,7,2020,15
718,Model C,66439.08,OBR9Y7XNJA0U,7,2020,15
787,Model D,81884.97,R33W5PTR9DRE,7,2020,15
9076,Model D,86601.99,S34HFSLMST4F,7,2020,15
5711,Model D,88381.75,C2T0KIVLM5W8,7,2020,15
2374,Model C,72349.22,3ZHQ9JQ32YXJ,7,2020,15
7603,Model D,91078.93,69C3GEJWHQUJ,7,2020,15
6377,Model R,118191.31,W4UW7DC8KO55,7,2020,16
5897,Model R,102448.9,UI4AE5KV24SS,7,2020,16
8350,Model C,82127.9,YST9DSNLPUSP,7,2020,16
2192,Model C,66522.18,AXYGPDXU6ROY,7,2020,16
9596,Model R,95358.75,N3OICJE5WDT9,7,2020,16
6518,Model C,66833.24,64757XKY8R3R,7,2020,16
3091,Model D,89374.56,3GRKOUBVIM9H,7,2020,16
9632,Model C,82956.95,5XIIUXMZ9SAL,7,2020,16
4460,Model D,96209.41,KE6BP8ECLOLR,7,2020,16
8506,Model D,76846.79,TJX09D4SMVB6,7,2020,16
2470,Model C,74531.35,RG13C0MQ88SY,7,2020,16
3139,Model C,71673.59,MR5D7GOPOKPT,7,2020,16
5315,Model R,119210.82,COZBZG38D9NR,7,2020,16
8665,Model D,76262.68,AY7B8D5TN0GX,7,2020,16
8639,Model C,83915.95,40KBEBRUGYOS,7,2020,16
4343,Model D,82381.22,HAVRCUHZ28D5,7,2020,16
172,Model R,103027.56,M481RXD9AOZK,7,2020,16
9830,Model D,92176.22,S2EZA09W1L66,7,2020,16
6205,Model R,97379.86,HEZF2KNUN7TC,7,2020,16
2567,Model C,67750.49,5CY32AGOEMKU,7,2020,17
8914,Model R,99465.27,AGQF9FMSURCP,7,2020,17
3718,Model C,71059.57,LXM1RBKFK7GV,7,2020,17
2009,Model C,78039.86,K2M6AASPDHZR,7,2020,17
5428,Model R,118312.82,9LCK6RRPBU3Y,7,2020,17
1406,Model C,82303.88,JJ0SJDIUDJTX,7,2020,17
148,Model R,116420.08,S37B7G1JA36R,7,2020,17
364,Model D,84833.67,BMJ6VR3DX8D6,7,2020,17
3763,Model R,103297.17,02VWS04VXT3B,7,2020,17
2516,Model C,79407.48,W7E9NCMVII5C,7,2020,17
9571,Model D,86135.22,OU2EHN7SQIM8,7,2020,17
6160,Model R,95452.02,F8JS6Q1R5K3R,7,2020,17
5170,Model R,107755.94,13815R8C4KYK,7,2020,17
1862,Model D,88322.38,Q24YL5GF4R8R,7,2020,17
4742,Model C,70022.61,U0NSJ2V1EM6F,7,2020,17
4691,Model R,111636.57,WMURCJQ75DUC,7,2020,17
3896,Model C,68807.94,TJVFT66RKHFH,7,2020,17
3913,Model R,103721.86,YRGERVQ6KIK2,7,2020,17
5527,Model R,112975.33,ZXMNWWE5AIFY,7,2020,18
4490,Model D,80027.27,BGMJH394FKX3,7,2020,18
1082,Model D,77770.7,521832LINF5D,7,2020,18
3562,Model C,79394.35,QOZBPYDUPBZI,7,2020,18
4123,Model R,112508.41,XBTDVY7K9ZYU,7,2020,18
6704,Model D,83892.6,JORHNISM66QD,7,2020,18
9238,Model C,81022.7,QGM0W4NZD8MR,7,2020,18
9892,Model D,92204.4,H5SKFQH19CW6,7,2020,18
2006,Model C,70566.4,ACJN5RZMGQHQ,7,2020,18
40,Model C,82314.99,87O0GYMEID1L,7,2020,18
5894,Model D,81244.02,RHMI78BMIRNW,7,2020,18
9193,Model R,116751.9,E8CHZ34WR445,7,2020,18
6035,Model C,80414.34,69SNDN4DA7Y2,7,2020,18
5090,Model C,68784.37,WLQ5IN0I288P,7,2020,18
1765,Model C,65614.71,6U3QT4FT3SMA,7,2020,18
8887,Model R,100328.38,8LKYI9NVVICZ,7,2020,18
4051,Model C,79917.19,Y0CY1O37DPPC,7,2020,18
9290,Model C,76033.56,FHR2SMLT2Z3X,7,2020,18
2948,Model R,99460.8,BAOY0HSI0WW9,7,2020,18
8327,Model D,80443.19,6MZXR95UNYB3,7,2020,18
3193,Model R,112451.99,LYA6PUBY3I4Q,7,2020,19
3772,Model R,96003.63,NCWOZS1MRQ6K,7,2020,19
8536,Model D,77934.53,R02IR88A0PA9,7,2020,19
6745,Model C,79513.39,URLDSEFIDF6U,7,2020,19
1084,Model D,91212.15,EHZFJ9XY70DO,7,2020,19
4091,Model R,115440.19,EKISOKKVXFEK,7,2020,19
1271,Model R,105434.8,XPWSAKJ9TCMF,7,2020,19
7219,Model D,93143.76,V4DKOAOLLVQX,7,2020,19
3325,Model R,94023.85,Y3I2MUB9FIYP,7,2020,19
598,Model C,73791.51,TR2L2V465M5G,7,2020,19
8317,Model C,77572.21,TKLDMWWWHA6Z,7,2020,19
3034,Model R,105826.01,E5LL5NKMCQS6,7,2020,19
7021,Model R,92084.45,CZO8AD9CU9CG,7,2020,19
7141,Model C,72159.82,4YTB5K314DPG,7,2020,19
7847,Model D,82190.61,SWIVMGYMWQFM,7,2020,19
3176,Model R,110344.95,VERP4HCHVAPS,7,2020,20
9649,Model R,116147.75,YV71IEPH8AEK,7,2020,20
1237,Model C,79516.24,EYXAREPQXIB0,7,2020,20
5914,Model C,82591.45,B7WB3R2DKHC8,7,2020,20
34,Model R,93705.41,YIMVVWXD7URV,7,2020,20
9940,Model R,114832.62,TETFD6XR3NP1,7,2020,20
292,Model D,93159.15,JNZPKYBGCFUK,7,2020,20
4127,Model D,89765.9,7A5DBPDMUJAM,7,2020,20
5095,Model R,106073.82,UDQVL0AL2POG,7,2020,20
5222,Model R,114780.51,17N6DSEO1HBC,7,2020,20
4072,Model C,71010.59,7EXTF0MX34VS,7,2020,20
8333,Model D,93119.37,IUXH4YX7ESL0,7,2020,20
3709,Model D,96032.52,ZOW42T2AN3IA,7,2020,20
956,Model R,113418.89,RVCG5RGFGYOO,7,2020,20
7988,Model C,80215.55,ASPUVNEBB9ZU,7,2020,21
1142,Model D,96104.41,ORANSIHKKNKH,7,2020,21
1985,Model R,116762.97,S3ROW56DHHL6,7,2020,21
884,Model D,78278.94,7B71H07URPA6,7,2020,21
8026,Model C,81509.1,76PG0A4S924O,7,2020,21
1928,Model D,91249.91,D2TV22ESUSHD,7,2020,21
8990,Model C,72063.78,RGZXPQCXF7P3,7,2020,21
3928,Model R,117708.02,BWXUSUH2WHB9,7,2020,21
6196,Model C,72324.7,HCAGEBHQUGQH,7,2020,21
7009,Model C,75548.06,MYQZQHSPMEI1,7,2020,21
9415,Model C,69649.71,0DISMZ8KI4AK,7,2020,21
9019,Model C,79994.67,ACB2OIN0UVYO,7,2020,21
9209,Model C,83392.52,RHZ2EZLVVWQX,7,2020,21
844,Model D,78170.3,N10S5GHQKGX1,7,2020,21
4394,Model D,95694.87,VFIYVV52MSAM,7,2020,21
2704,Model D,82375.48,BP9M9NDHTV8C,7,2020,21
5132,Model R,111840.66,UJ014PGH3J35,7,2020,21
2216,Model D,80649.3,LOVT00JDUDO8,7,2020,22
2791,Model D,75909.91,FXUKLZGBGLS1,7,2020,22
1553,Model D,83463.11,VUHDLEIHPP4W,7,2020,22
9424,Model R,98435.72,33RXJN1OZ6YB,7,2020,22
3767,Model D,80765.32,ZXS3T7P546RW,7,2020,22
8252,Model D,81222.2,8B1TPMYMVMG7,7,2020,22
1193,Model C,69079.06,1VJQ9TAOFIIW,7,2020,22
9484,Model C,73356.21,R92PJJHGFNJL,7,2020,22
5099,Model D,77371.69,XXCV3QZAELL3,7,2020,22
6596,Model C,66042.05,27ZOPDGTBNM2,7,2020,22
3355,Model C,76536.93,MK3CC96TKQLA,7,2020,22
5456,Model R,102302.27,GSAV0P5P1LF4,7,2020,22
4424,Model C,78762.98,VCEIGF59PRWS,7,2020,22
103,Model R,92860.99,CD9LK51JNARJ,7,2020,22
2423,Model C,69268.26,CY08P28P4ZG5,7,2020,22
8524,Model C,68369.96,GFC4L4HSMG9B,7,2020,22
9809,Model D,89190.64,RT4YSDUG4UHR,7,2020,22
4085,Model R,109376.14,5NKYIP6QT0SG,7,2020,22
3944,Model C,76086.43,3B88CVOUTSA2,7,2020,23
7718,Model C,74110.22,A6JTLUEYHISR,7,2020,23
1480,Model C,78565.82,ZBAK5G8V9XYA,7,2020,23
7382,Model R,99762.96,D3YZT67S8OIK,7,2020,23
673,Model C,80771.47,WE8MA9KGM85M,7,2020,23
6322,Model D,92601.84,2R5M867ELNFO,7,2020,23
2167,Model D,82549.46,9WHXOLNI1QXN,7,2020,23
6769,Model R,99420.88,4RK9G21XQR1D,7,2020,23
7531,Model R,103485.59,MC2SS0FEJ921,7,2020,23
6409,Model C,72728.46,KYP372VUO8XU,7,2020,23
548,Model R,100514.91,86AABBY4U2X3,7,2020,23
2504,Model D,84959.51,VPGBR235FU3P,7,2020,23
5819,Model D,77532.51,2KNJ0PWQLE2E,7,2020,23
3373,Model C,79728.99,Y7LY5DOXUNMO,7,2020,23
4235,Model C,67259.67,OFQ1HUZ4A9SC,7,2020,23
8809,Model R,118375.71,JA6P4VG5D2DG,7,2020,23
1708,Model C,69154.39,RK0LJ006JLDS,7,2020,23
5093,Model C,81982.32,6DVRUWNQUDR9,7,2020,23
9905,Model C,72457.77,31KETG9F3VYR,7,2020,23
6167,Model C,66884.18,82WGBD4JFC46,7,2020,23
5117,Model C,77522.0,H1E5J04SQHES,7,2020,24
4469,Model D,95221.11,2PROGAIQNVRN,7,2020,24
3377,Model R,110927.53,6FM8SCY5HNIP,7,2020,24
3803,Model C,80974.77,PIRDILPZERJX,7,2020,24
9787,Model D,78454.97,JISD7GIMIIUN,7,2020,24
3664,Model D,86890.95,0GAZKD9DAMTP,7,2020,24
4066,Model C,80960.99,9ZQNMANK0BPK,7,2020,24
8984,Model D,95243.08,ELJX1LKWI3TU,7,2020,24
1744,Model R,115995.63,48MS541SI1GS,7,2020,24
170,Model D,82603.41,57M8OZCEWMN9,7,2020,24
4033,Model D,76278.43,UEANEHU6S42W,7,2020,24
9532,Model R,111054.77,87J8M4ZPAQUJ,7,2020,24
6281,Model R,101149.09,XL9T65J9GKI3,7,2020,24
3805,Model R,114542.0,BY4T4V4PEHMI,7,2020,24
4397,Model R,105078.15,G2E51EU5YF0A,7,2020,24
2489,Model R,93401.68,HSKJDUMP1SPY,7,2020,24
1942,Model D,75933.5,JTS7CHO5ZFIR,7,2020,24
7942,Model R,107450.95,XV7ABS6ZQMTE,7,2020,24
4747,Model R,104700.35,1COFTPTQQYUF,7,2020,24
4315,Model C,77901.09,44YNMD1TOK11,7,2020,24
5281,Model R,101452.45,2J3VN07D5UDN,7,2020,24
1135,Model R,102181.8,GKZJ6MYA1JKM,7,2020,24
4082,Model R,100951.56,KX5ZSE7N8V7Y,7,2020,24
6590,Model C,66317.33,M9YVZHRCC4HT,7,2020,24
5164,Model R,98539.0,JB0WI1XMBK3C,7,2020,24
5039,Model C,66320.03,X2RTPNK8NMYX,7,2020,24
2297,Model D,85236.33,9KIDREXXXOZU,7,2020,24
7631,Model D,81568.57,68ONM0RF8U4T,7,2020,24
9548,Model R,105179.13,4HFBZKGBHXTF,7,2020,24
266,Model D,86869.23,ZRDRNWX4DFXM,7,2020,25
13,Model D,76119.15,RWKXWXOG85ZK,7,2020,25
3692,Model C,82771.77,SFP6GKW7E6TA,7,2020,25
8731,Model D,74918.61,T8QKAMIERJMU,7,2020,25
8566,Model R,114487.03,KVJYY879V1YT,7,2020,25
9626,Model R,92723.46,WHSUB0NXNDJO,7,2020,25
7828,Model R,99749.44,247RINWI0TI9,7,2020,25
6701,Model D,75556.72,MUYXYGP5KW1F,7,2020,25
290,Model C,68876.07,5E12Z633HBFU,7,2020,25
2477,Model R,96478.39,VP2J8J2INREE,7,2020,25
9482,Model D,94795.66,DL7DWU6NGXGE,7,2020,25
260,Model R,102601.99,KNZR48ZS2YE7,7,2020,25
9911,Model D,88242.85,3DMT2D1DZ0J1,7,2020,25
5141,Model D,87180.09,R1YC7IRGCV6F,7,2020,25
8987,Model R,102277.95,29YJXK8MYYZY,7,2020,25
3607,Model D,77823.09,RLJE6KSVQ45W,7,2020,25
9455,Model D,78564.69,28FA022T3DRI,7,2020,25
5528,Model C,73306.11,0WXOF62IH0H2,7,2020,25
1745,Model C,82818.27,QB8AS5ALMTXL,7,2020,25
9526,Model R,99818.62,BHI0W2D1KDQV,7,2020,25
2099,Model D,84368.91,5RK25MV3U89Y,7,2020,25
6379,Model R,100463.41,BJXMJAKIUX6M,7,2020,25
5629,Model R,119114.42,YBOFQHMIKCW3,7,2020,25
5710,Model R,108701.26,K7X7CICAF3JW,7,2020,25
3478,Model C,69321.73,60TNQ4MUJVMS,7,2020,25
7547,Model D,85866.14,M1L99Q8QZ73G,7,2020,25
781,Model R,99403.87,2XIGQX3D95PN,7,2020,25
5947,Model R,100844.08,1WURLDYRV63Y,7,2020,26
5290,Model D,86069.07,JAUJOWJRER20,7,2020,26
9064,Model R,108260.06,N78WB9Y5FY53,7,2020,26
7616,Model R,104302.57,5X0Z730EZTXF,7,2020,26
4013,Model R,97841.95,YBMXROHZO67R,7,2020,26
5372,Model C,72685.12,W3Q9VJBDD53K,7,2020,26
2807,Model D,78539.37,GKZH096H7JQO,7,2020,26
9575,Model C,84517.69,PX0OKTB388E7,7,2020,26
6038,Model D,76543.51,HSLZA3WVJI2I,7,2020,26
4964,Model R,118444.29,4B50TRASNUB2,7,2020,26
4118,Model C,74227.32,ZG4THBE2KRSP,7,2020,27
6107,Model R,115513.32,7QS5HVACBZ5J,7,2020,27
1792,Model R,92485.18,O4EQBFT7T001,7,2020,27
2497,Model D,91970.3,ON9625ZJOZS1,7,2020,27
9740,Model R,113691.63,XL3INXI8CGIJ,7,2020,27
2467,Model D,90525.62,21IJBJJOC7KD,7,2020,27
5771,Model D,81784.29,36RXKKG0F1KT,7,2020,27
9268,Model C,79374.99,PITTZ5E7Z4DD,7,2020,27
9098,Model C,79555.32,B59OH6CWHC68,7,2020,27
7597,Model C,67195.73,91M2345BM1IG,7,2020,27
3518,Model D,76629.77,C1FUJDZ2J1MB,7,2020,27
4483,Model D,81003.22,7396EIHZ78I8,7,2020,27
9109,Model D,76833.54,NA0NSFWB1QJL,7,2020,27
5942,Model D,88434.56,G9PGSPARD5QN,7,2020,27
9406,Model C,71518.54,6GHX8N41G6SK,7,2020,27
7147,Model D,92559.83,OBS9FPPVSYOJ,7,2020,27
9508,Model R,101562.43,704F3IFU3R7Q,7,2020,27
1957,Model D,77749.0,2NA4AAKNC8IO,7,2020,27
5656,Model R,93472.41,6VP0IW0TKUL9,7,2020,27
6232,Model D,85967.06,WQ8A9T4CE07E,7,2020,27
1883,Model R,114755.82,TLC35RRAR7RL,7,2020,27
4796,Model R,92036.38,0KVOWCSCVVRG,7,2020,27
9358,Model D,81627.18,6M857NG2LITV,7,2020,28
5878,Model R,110887.93,ZSX1CQMI9AWG,7,2020,28
5339,Model C,72105.48,QLU4HO0RZ182,7,2020,28
8816,Model R,99172.71,QKMZLPFQ52AN,7,2020,28
4820,Model C,74077.74,21GFTPNJ2S2E,7,2020,28
3884,Model D,83938.93,LP9IRJT3D779,7,2020,28
604,Model C,82515.73,BPCKZTVBKC8S,7,2020,28
8737,Model D,81354.28,SJWUXTP52XYA,7,2020,28
9727,Model D,82369.53,IX5Y4F9KUF92,7,2020,28
880,Model C,74277.17,YSYH32FLCE3W,7,2020,28
7267,Model R,98026.04,5Z11CJ4SDU1N,7,2020,28
6268,Model R,97385.03,KXM0DYFI8FD0,7,2020,28
1582,Model D,84531.08,5YVDY74JOAIT,7,2020,28
9866,Model C,65556.19,VQ7XLLKGAW1L,7,2020,28
3587,Model C,65397.6,U0OO3MP97T4C,7,2020,28
7372,Model C,78256.56,337B57SPUO1V,7,2020,28
2308,Model C,74846.4,RPFK19SWFQPK,7,2020,28
4774,Model D,84407.86,FBIGBKVD5DOI,7,2020,29
6571,Model C,65631.54,W0KPTMDK87KM,7,2020,29
2342,Model D,87457.49,YYGSP7EC8G2X,7,2020,29
29,Model R,95687.02,VQRYNFP6PQS9,7,2020,29
26,Model C,67914.68,228FEEYEULFQ,7,2020,29
5621,Model R,104701.09,R1ZCU68SX197,7,2020,29
6815,Model C,84089.54,51FURYC0ZBBJ,7,2020,29
1622,Model D,88245.71,28RHPZZIXH4Q,7,2020,29
8797,Model D,90737.6,D9DEB3QYV089,7,2020,29
9862,Model D,79556.84,O4EPG31NWN9H,7,2020,29
3254,Model D,93087.77,041HXQHV1HLL,7,2020,29
6178,Model D,95871.93,JFGHWGFWXU4X,7,2020,29
247,Model R,117393.91,3OW8X3IB2JBK,7,2020,29
1625,Model R,116068.25,Q21VP3930BNU,7,2020,29
4979,Model C,67341.42,D0QMMXNHSPUA,7,2020,29
3379,Model R,94962.32,MUBI6H3GYA70,7,2020,29
4600,Model D,88912.15,QKCZJWGSEUIH,7,2020,30
9065,Model C,76051.53,3BKN8T146XA5,7,2020,30
1181,Model D,84608.94,0TXF50ZH62CR,7,2020,30
952,Model R,106580.24,GX10SN3PS8BY,7,2020,30
931,Model C,79254.7,4ITHC33EVN9F,7,2020,30
6298,Model D,92287.11,H0H4FQ7I7886,7,2020,30
851,Model D,88955.57,XWH1GS1S6XLU,7,2020,30
9962,Model C,72961.43,SIR999I8P7J3,7,2020,30
5452,Model D,80288.18,QNSMCWTRWMS9,7,2020,30
9425,Model C,69911.47,0OEB80CBS06H,7,2020,30
8845,Model R,95105.05,8XBBCKOG3UMO,7,2020,30
2090,Model D,79739.28,7LVRBHJ3XBGM,7,2020,30
7109,Model D,86912.65,OB3M1WM0TXKI,7,2020,30
4916,Model D,78253.41,LK5KPC8QVYRG,7,2020,30
2711,Model D,86589.26,0N8U8WGWPRZB,7,2020,30
7660,Model R,97568.08,S82D4ZOHJZH6,7,2020,30
6088,Model R,94743.25,K54SY5W9RSOE,7,2020,31
3796,Model R,106322.2,6OL5LUAJE2UX,7,2020,31
1873,Model R,108813.14,JTQC04Z8M9SW,7,2020,31
6757,Model R,93616.03,47IZIQ0DFXMV,7,2020,31
1306,Model C,82500.0,8QQCH3OEWLX6,7,2020,31
6328,Model D,86016.86,50Z0M0YPK1KA,7,2020,31
8183,Model C,68201.36,A74ZKOYKW180,7,2020,31
6065,Model C,79055.88,78EA9NH1WVWZ,7,2020,31
2588,Model R,101909.56,JF9Z2LBKD58W,7,2020,31
2362,Model R,115905.52,6SV8HWDU7QR1,7,2020,31
6550,Model R,97487.64,U8H3BEPNXWUY,8,2020,1
346,Model C,77562.25,1L6E7GNAWR8P,8,2020,1
5482,Model C,73385.22,663PAAFQCTFV,8,2020,1
2338,Model C,71591.7,BT69PIH4M7PI,8,2020,1
1444,Model R,98692.64,L4XZH84RMM1K,8,2020,1
2170,Model R,108881.56,KUSTVRNVJ88E,8,2020,1
986,Model R,95777.93,GFREQ2P40RNZ,8,2020,1
8069,Model D,77586.08,YT1LXMDVB2UF,8,2020,1
989,Model C,78794.6,MOYIABDIKBJ6,8,2020,1
8414,Model C,80830.51,NHFI54UAHXHS,8,2020,1
5138,Model D,92499.06,26P2AWIG7U2S,8,2020,1
1243,Model C,71913.27,2NFO7WR9HMVK,8,2020,1
6928,Model D,83732.36,SRZLZS3VIHS8,8,2020,1
6352,Model D,74334.61,VA1EJEND1P4I,8,2020,1
590,Model R,107735.45,QN19GR4D0334,8,2020,1
4046,Model D,87265.44,LYZUB6Z8NFRO,8,2020,1
7186,Model C,83278.02,8MUY1OL51VZG,8,2020,1
3941,Model C,74684.21,M6QS04TTPPBO,8,2020,1
7700,Model C,76058.87,9RB6YUDV87L7,8,2020,1
400,Model C,66339.52,44U8PLARZ3JN,8,2020,1
7174,Model C,75892.27,ZBWSCNUS58GJ,8,2020,1
5081,Model D,79676.62,IO64NHDDBK2A,8,2020,2
5074,Model D,90625.55,PHD2WEAQJ32D,8,2020,2
1961,Model R,105512.53,JP4231UQ7M1J,8,2020,2
9014,Model C,65670.09,M9LRAPKR4XX9,8,2020,2
7850,Model R,105334.54,YHM1BQ0C13TJ,8,2020,2
6193,Model D,79871.4,GGJA53OJZYG1,8,2020,2
1162,Model R,95759.54,WTR43JI0VFNR,8,2020,2
7057,Model R,95512.88,AT803GIIHUC5,8,2020,2
1867,Model R,113664.16,IO6HI467ZPEB,8,2020,2
4021,Model C,71917.28,5QN55F4F6GP8,8,2020,2
8644,Model R,92407.0,152SC1OQ01AD,8,2020,2
3907,Model R,109962.1,A837UUAWH2S7,8,2020,2
3326,Model C,78339.22,VRGXEYT3B4GV,8,2020,2
3557,Model C,77245.38,QBJ25TTT4NQE,8,2020,2
817,Model D,90001.8,LHYVFCHK8OSP,8,2020,2
9292,Model D,82877.49,GOXVIGX7WTQN,8,2020,2
9701,Model D,77894.61,7QISH3FNTCDE,8,2020,2
2353,Model R,116744.89,LVR6QZ0WS2SY,8,2020,2
2938,Model R,107918.39,QVZTOVCWFF3S,8,2020,2
913,Model C,73482.15,DWBJVCZCVJ4B,8,2020,2
8530,Model R,97267.38,98VZK8EZ3YWJ,8,2020,2
2354,Model D,86245.0,SA9V3DL35M7H,8,2020,2
4073,Model D,89076.92,ALWYSPT864OZ,8,2020,2
5636,Model D,86792.58,XQ6W0VKDP5ND,8,2020,2
4249,Model R,99447.92,D3F2TZ9OHCMR,8,2020,3
971,Model R,96259.53,VZ2Z6B668Q86,8,2020,3
8266,Model D,82115.49,F8IH5GKYB52M,8,2020,3
668,Model D,81426.32,T8I1BHN838Q8,8,2020,3
8704,Model R,113502.13,H639CE9F3WVE,8,2020,3
5923,Model R,98890.78,J2Y34P66NR70,8,2020,3
8837,Model C,67056.38,A3NVBDNFRYT0,8,2020,3
9217,Model C,77645.87,GK85O9U6F4ON,8,2020,3
9635,Model D,80828.13,ZX88JZHO7UXK,8,2020,3
9331,Model R,115981.52,PWO9XA7LKI2E,8,2020,3
7826,Model D,91757.35,21JGNHGOJRHP,8,2020,3
9116,Model D,88826.8,7399OX9P42V4,8,2020,3
9481,Model C,69449.32,0N375J8Q8EHM,8,2020,3
2437,Model D,95402.96,V9HFC9ZOWA7Z,8,2020,4
6136,Model R,94575.03,NOSPSRI2CK3P,8,2020,4
4213,Model D,95898.56,2XTSSDXK10OX,8,2020,4
7517,Model R,108754.55,27XSHB89TIK4,8,2020,4
5029,Model C,67880.67,TVQJ4HPPAVVC,8,2020,4
7855,Model D,93376.06,JBIMSLVO1J7C,8,2020,4
2705,Model D,90729.4,PBWHZKCBX1CE,8,2020,4
1433,Model D,87756.28,B6O7DTGAY9TH,8,2020,4
9505,Model R,117008.83,A0B9U8CMXOWE,8,2020,4
8593,Model R,95203.65,LH1CUK35IOZF,8,2020,4
8896,Model D,95213.76,1I05WAK5Q0CO,8,2020,4
7796,Model D,85850.71,PQNZHJVPDBOJ,8,2020,4
1642,Model R,96509.16,Q0SY5QVLWLBV,8,2020,4
4268,Model C,73881.93,4ZW11IESSCTJ,8,2020,4
5497,Model R,110558.21,BOSC4X3MLFLP,8,2020,5
8638,Model D,82157.64,9A4Y8CQNN3UN,8,2020,5
8893,Model C,77592.79,CW21AYDNX8RW,8,2020,5
4627,Model C,66797.49,H16CJD0W0ES7,8,2020,5
2300,Model C,76239.15,BLW79FPZE3GX,8,2020,5
1732,Model R,113777.91,ZK2HQ71HS18J,8,2020,5
9841,Model D,77213.1,MFI2ZL27WJPZ,8,2020,5
4075,Model D,86586.67,CY1O3KQCL7S8,8,2020,5
872,Model D,95976.99,7TEM3SME845W,8,2020,5
1922,Model D,80368.48,BB2N3HIR3QIM,8,2020,5
6617,Model R,112815.32,SNHVC7CCZ8LL,8,2020,5
3107,Model D,81284.91,E2S6UIVWLR4A,8,2020,5
1187,Model D,77928.94,O34Q89L9GP3F,8,2020,5
5596,Model D,93146.48,3FRLMS2F5I8D,8,2020,5
3211,Model C,71249.76,R7YOMO7WGBHF,8,2020,5
5171,Model C,80095.3,S5ZS0T6TYEY6,8,2020,5
3971,Model D,77674.84,64VSF6ORWA6N,8,2020,5
5075,Model D,76736.56,159K5NZXLJM1,8,2020,5
8209,Model R,98954.76,9YZFSDYE13C6,8,2020,6
2686,Model D,84957.04,TR9C0Y6SM3IV,8,2020,6
8,Model C,77945.26,23FCCK4O99XH,8,2020,6
647,Model R,108523.11,PATYA8BV5HJX,8,2020,6
4036,Model R,109508.96,2BAII4S5NKHK,8,2020,6
3314,Model R,100022.31,RIPUYO44DRYM,8,2020,6
7669,Model D,93828.38,RAF8ETHO168N,8,2020,6
217,Model D,88413.57,55J4912MKYBI,8,2020,6
6337,Model D,84813.26,QWEM148UK9I3,8,2020,6
3622,Model C,71679.77,9SH4ICOPVCVU,8,2020,6
6329,Model D,76882.83,90BXF61UVNZ3,8,2020,6
6233,Model D,82040.91,0L3YDETF7S4Y,8,2020,6
7334,Model D,93572.56,SAGGW23L15SU,8,2020,6
9926,Model D,79939.94,L467ZV9L5GP4,8,2020,6
4022,Model D,85741.21,DTYRMWBFQEFT,8,2020,6
2177,Model R,116424.01,8NK79B04OC4A,8,2020,6
5488,Model R,117602.5,ZQQPMCMPNWOI,8,2020,6
953,Model R,103917.02,XG3PMARR532H,8,2020,6
8957,Model D,92223.79,MI40WDK9V08Q,8,2020,7
9068,Model R,93954.77,K2UNKVPZFIA6,8,2020,7
602,Model C,73780.78,OZEQ74QIR9O0,8,2020,7
9955,Model C,83600.58,ES7LVIRCNLMV,8,2020,7
385,Model R,110389.92,37O9996JWWZH,8,2020,7
16,Model D,78954.68,PQN9TRBXVI30,8,2020,7
2206,Model C,75164.21,EDLKS8SM64FG,8,2020,7
3940,Model C,80690.02,1JECLTAZU08V,8,2020,7
3166,Model C,81461.15,Q4E2DKQHSUNR,8,2020,7
6544,Model D,75272.94,54UL2W6SA7YX,8,2020,7
4310,Model C,70653.21,VBRRNGZXQDYT,8,2020,7
1495,Model D,76661.74,B6C9XKT4H70Q,8,2020,8
9956,Model C,71545.88,RTHP5EWUUH77,8,2020,8
1819,Model D,87021.02,8NK4F6B6RTT1,8,2020,8
8324,Model D,81370.33,SY7CD9J9C2LA,8,2020,8
5330,Model D,96018.36,4KULMQ0TFQVR,8,2020,8
9994,Model D,80148.46,FARICE1FPWGN,8,2020,8
4297,Model C,65357.2,9QMCAA8GUFJH,8,2020,8
4462,Model D,79279.96,YBN7CQD7DSL0,8,2020,8
4915,Model R,105921.15,M7SVP4VBQH7N,8,2020,8
8110,Model R,108056.64,TH0FNS9D0KMF,8,2020,8
8558,Model C,79349.56,479ZN9ULOU2O,8,2020,8
520,Model R,108412.62,DLC1IBGB1NDY,8,2020,8
4700,Model D,95252.13,MU61DCYRO7B8,8,2020,8
592,Model D,85817.57,62LB6UQIEAMT,8,2020,8
412,Model C,66064.04,MZGXQBU1UDRA,8,2020,8
4354,Model R,108314.36,F50R6HZRI5HI,8,2020,8
2909,Model D,88857.41,XYPTTQJR4JGK,8,2020,8
6439,Model D,81226.47,YUDFEZPORWTS,8,2020,9
2089,Model C,78258.98,TYFKS24M5KAA,8,2020,9
4901,Model R,99806.6,B4S0UET4SQ77,8,2020,9
6140,Model D,79372.67,4SOGIC1V28U9,8,2020,9
8074,Model R,109301.42,3J1E8XS2Z0YQ,8,2020,9
6209,Model C,83012.64,84ORXLZ4233F,8,2020,9
9584,Model C,84243.88,40F8S4QZ759X,8,2020,9
7240,Model C,71521.35,1RM169TZG4FA,8,2020,9
8135,Model D,85367.21,NFE9N8GB0S3M,8,2020,9
3017,Model R,104694.05,D0UZHNFNBAVM,8,2020,9
3695,Model D,84098.57,SVQ4R0XY9P5L,8,2020,9
7036,Model R,102444.62,E9K44F9NTWE6,8,2020,9
5048,Model D,88856.87,28CYIFYOHY1N,8,2020,9
3968,Model R,100644.41,2HTHU81QCJX7,8,2020,9
881,Model R,102318.41,5O2H0EK5QABK,8,2020,9
9281,Model R,109917.78,HRAE06SMXI9A,8,2020,9
3638,Model D,82601.33,SMQ7KWBW315I,8,2020,9
5783,Model D,87662.59,JSVO9SPR81F4,8,2020,9
5447,Model C,79032.32,ONEVAZLYV387,8,2020,9
1900,Model C,72082.84,2K54K5SQIE6S,8,2020,9
3623,Model R,99278.42,9L9TUFYUF2HF,8,2020,9
3448,Model D,84403.87,A8JQCFSPRELP,8,2020,10
7030,Model C,78547.69,3193P98IURUF,8,2020,10
1475,Model D,86137.19,FL72AOB04AP4,8,2020,10
7793,Model R,105936.37,A2LZ5FFKT5LC,8,2020,10
6763,Model R,104308.94,WLOJ0U5L9CZD,8,2020,10
6572,Model R,119529.16,HBCNYN6G68RS,8,2020,10
9839,Model C,83977.09,G8HR2NJPLABO,8,2020,10
9178,Model R,118783.48,BDX752VQS9P7,8,2020,10
877,Model C,81929.19,YWGTEXEPCEFL,8,2020,10
7354,Model R,92196.89,ALJ8684B4PDC,8,2020,10
5756,Model D,95776.62,TLEU2BGAAU13,8,2020,11
1226,Model R,94505.09,0SROUH81Z04R,8,2020,11
5912,Model R,109617.86,5Z0YWKWG2LGH,8,2020,11
2228,Model D,82655.76,53IK18J8PHOV,8,2020,11
4480,Model C,77510.14,ZQUKS65P2T2M,8,2020,11
7522,Model C,70317.39,X85T1YI70Y93,8,2020,11
4481,Model R,103335.05,CY43G1GMJUGY,8,2020,11
8221,Model R,108845.38,1J5Y89L50WXN,8,2020,11
4166,Model R,93058.72,3H6G1L02RL13,8,2020,11
5731,Model C,79949.76,UL6Y5I6TR232,8,2020,11
821,Model C,78812.63,K4S3A515BDXA,8,2020,11
1535,Model D,75236.44,2AQTIR0RF4WE,8,2020,11
8707,Model D,76407.24,N8HT5UPNH33D,8,2020,11
7180,Model C,67231.78,25Z7442SH897,8,2020,11
4735,Model R,117651.85,Y5DYRCKQNMRI,8,2020,11
2050,Model D,82664.52,AFR6X4URFB19,8,2020,11
5990,Model C,73094.37,HJD6UC7IRDNE,8,2020,11
2690,Model C,70179.08,1KPV5I40MG40,8,2020,11
2753,Model R,96626.82,JE3IXLZ2AH8A,8,2020,12
2309,Model C,81876.92,FVZF1ST7DU7Z,8,2020,12
3241,Model R,109324.18,R16B63AY4D92,8,2020,12
5413,Model R,108215.36,AE9FQVENIDAR,8,2020,12
6991,Model D,93650.34,ICY78UFHA2IW,8,2020,12
2803,Model D,89068.71,GFGS3NKBTB30,8,2020,12
4694,Model R,113247.49,59KZGQOYT64H,8,2020,12
2135,Model C,80384.25,A1RI80O55GPJ,8,2020,12
1213,Model R,117192.72,DXQW9L9OSPDD,8,2020,12
4061,Model C,81724.52,IPAC2WH8DS4W,8,2020,12
6427,Model R,115553.89,FHSOSXN6XO2V,8,2020,12
9800,Model R,106407.22,2GFIP14BS93O,8,2020,12
5986,Model R,102317.58,9M2OHNNEX7VO,8,2020,12
1075,Model D,76853.58,58AN62GUVWFR,8,2020,12
9619,Model C,72567.87,ZOYFAIO4Q5KE,8,2020,12
1577,Model R,100314.04,ZUYZCUAAZTRY,8,2020,13
3280,Model C,72857.73,ZUV9V5WSWCWH,8,2020,13
3937,Model D,84432.68,EAY4BLL2STV5,8,2020,13
9305,Model R,93633.82,3FL9TC6QMNPU,8,2020,13
7655,Model R,93760.94,CLUNGBLWGO98,8,2020,13
6842,Model R,118215.84,UAF37T4S901D,8,2020,13
5890,Model R,117624.58,XBGKBC21SCT2,8,2020,13
7747,Model D,79048.34,OKOZMAX9IOY7,8,2020,13
6881,Model R,117666.28,V6GZ0KZE57FF,8,2020,13
893,Model C,79190.98,R8NT9G4YOLVK,8,2020,13
6656,Model C,79592.37,0AY2Q888VPYH,8,2020,13
2872,Model D,92798.47,EANK0OOWG9Z5,8,2020,13
5704,Model C,73067.09,8O9U9PXEX32C,8,2020,13
1736,Model C,68945.84,2YSNRDL2HKUT,8,2020,13
4153,Model D,87076.74,OT78PA8V6V25,8,2020,13
3602,Model R,118200.13,4JU1WY8P2GFB,8,2020,13
5405,Model D,91907.78,K1AQ8R0NLHFZ,8,2020,13
5387,Model C,72352.98,2HTGAVFLR70R,8,2020,13
1799,Model R,113461.42,58NYG46QI6L7,8,2020,13
8761,Model D,85572.71,QYETN0EFFPMF,8,2020,14
3979,Model D,75684.69,65OLDWJEFJZ6,8,2020,14
3049,Model C,75307.09,AIRKZZZA2SRP,8,2020,14
6314,Model C,75987.21,ROZ3JMZTV223,8,2020,14
8606,Model R,116580.32,JBGQRGMZR7KW,8,2020,14
6605,Model D,74343.86,6WO86T1O6S1Q,8,2020,14
3916,Model C,84647.23,TZAHLT97CB7M,8,2020,14
4070,Model R,100400.14,LX2HM089OPDJ,8,2020,14
1085,Model R,105276.85,SGXN5DEYVUAZ,8,2020,14
7717,Model D,91045.83,SZTU6XMLHZY1,8,2020,14
7105,Model C,80788.66,E8C8TZPWKE9H,8,2020,14
4256,Model C,83914.26,ZKQELW4GX7H3,8,2020,14
3629,Model D,84407.17,OQ6T9A1DA35O,8,2020,14
4561,Model D,86936.33,Y2ZPA9ZROCCS,8,2020,14
4850,Model R,116613.76,ZHDF14N6QT4H,8,2020,14
4045,Model D,93066.29,MWM1C2OXZTYN,8,2020,14
6484,Model C,71617.01,CWDZ9TDI6Q62,8,2020,14
7685,Model C,67838.77,XI4745ID25K2,8,2020,14
6760,Model R,108553.79,WEZ0PEQYJ3A8,8,2020,15
5044,Model C,78855.32,0FJCTUE334M5,8,2020,15
3320,Model C,70545.22,TKXRLQVLWM2M,8,2020,15
1837,Model R,101927.34,TJF1BONBK4ON,8,2020,15
8947,Model D,80529.51,XZ774JNZLN3T,8,2020,15
7115,Model R,102457.77,RM8HVA8GRYST,8,2020,15
2743,Model C,77843.1,U3F01FX93O9Z,8,2020,15
8092,Model D,94985.61,80JKAW837ZMM,8,2020,15
2884,Model C,68671.9,5SU3KWJ0T71X,8,2020,15
4529,Model C,82552.33,YUCL4ZVU6H7N,8,2020,15
542,Model D,81679.58,UTKL8EAAUDCB,8,2020,15
1225,Model D,85760.97,FW0WX0GTE4OI,8,2020,15
6791,Model R,102209.06,T1S3EK3LCIKO,8,2020,15
6946,Model D,85833.6,1RM61CQY9831,8,2020,15
5410,Model R,114552.09,OAL7UUZS5CLB,8,2020,15
4783,Model R,105419.04,Z028847J33K8,8,2020,15
7073,Model C,79236.34,TU2YO716D1ZI,8,2020,15
7063,Model R,111202.21,2TJPTYWBM5LP,8,2020,15
3380,Model C,65267.93,1563L7SIPY1A,8,2020,15
7483,Model D,90423.03,DJPE2N4B77SU,8,2020,15
5788,Model C,83160.35,SIRLURRDULIU,8,2020,16
113,Model D,83874.66,669C92QZMIZ9,8,2020,16
3925,Model D,96335.56,P8IGQTLLLNPW,8,2020,16
7346,Model C,70519.66,KP2O4VSXP74F,8,2020,16
6109,Model D,94183.99,SXO730M3RE8R,8,2020,16
5560,Model D,94535.74,OU9DUQ39MNR5,8,2020,16
9448,Model D,77353.8,IO3I06D40IZZ,8,2020,16
9308,Model D,79586.74,3F4M4PG1EUHW,8,2020,16
1070,Model C,76265.11,LAG76RHH7AKW,8,2020,16
478,Model C,78994.13,JT8K4WJLTB9Z,8,2020,16
6259,Model D,92772.34,24M0947LNOMG,8,2020,16
1861,Model D,96352.98,S0NV3IIEOKZR,8,2020,16
7577,Model D,88040.74,RJET3D1KBTFP,8,2020,16
3491,Model R,112805.25,R17W8S8KCJDK,8,2020,16
1204,Model R,104376.38,ME4W3Z079J83,8,2020,16
9439,Model D,92457.03,48J5ITA2TI4R,8,2020,17
9785,Model C,77341.89,IA6G6H064584,8,2020,17
7480,Model C,75218.06,SR9IERXQZUZV,8,2020,17
5347,Model D,82110.27,XT9UTG4XYM3L,8,2020,17
7499,Model D,78039.7,2QWKUKDPL2CJ,8,2020,17
2416,Model C,84252.99,HRPHLCCQOQVV,8,2020,17
748,Model D,78133.81,XBINSOVV3GSE,8,2020,17
3847,Model R,103534.36,B3JQTYWGF7U5,8,2020,17
496,Model C,68760.71,XZBCWEMM9J1G,8,2020,17
6119,Model D,86166.34,ZBH0Y96DWU6N,8,2020,17
581,Model R,103122.06,2949Z6ZD00NW,8,2020,17
359,Model C,81864.39,5PLCK6Y6RI5V,8,2020,17
2302,Model R,93056.11,S7UZD9OTH2IS,8,2020,17
7598,Model D,87105.47,N35YKKJACP7V,8,2020,17
7306,Model R,94213.72,WGWIU4JWI3P8,8,2020,17
4454,Model D,95061.96,L9FI99RFS85Y,8,2020,17
398,Model D,81768.32,SQN4M8SSAUS7,8,2020,18
6532,Model R,115298.85,AB58YEIRP0SJ,8,2020,18
2065,Model C,71002.25,IZ0UEW9WPQKO,8,2020,18
8299,Model R,112947.89,O3OZLJ6ZYPA9,8,2020,18
3232,Model D,78097.68,C5SLVF1OU8JR,8,2020,18
4100,Model D,81711.23,SS1DNVXUVV2B,8,2020,18
4136,Model D,86070.69,Y0MJ2Z93T2NJ,8,2020,18
8254,Model C,80906.91,I1XP0YKLLDE0,8,2020,18
7792,Model D,77920.5,E8TC9Z0ZPI97,8,2020,18
9518,Model R,100953.09,A6KITN4SB5JB,8,2020,18
9976,Model R,117787.15,RGMQXZ1GCH4T,8,2020,18
4564,Model C,69830.53,NKYUE812EZAZ,8,2020,18
7763,Model R,100411.05,UHK8QJSS58ZI,8,2020,18
6863,Model D,75521.48,Q3LI67AQDS6M,8,2020,18
5287,Model C,76957.39,OYG6EUNV28UW,8,2020,18
9394,Model C,71854.95,4HG1CBBEK4CW,8,2020,18
6535,Model C,78351.47,XVBM2C4K170K,8,2020,19
8513,Model R,110278.47,BI63IK4KZDCG,8,2020,19
8911,Model C,77417.74,M3TF7A2PFSX3,8,2020,19
3118,Model R,99999.14,CXGPRUVBY0BD,8,2020,19
4651,Model C,84129.29,6PP2IN7AQYGN,8,2020,19
8483,Model R,95502.64,EOKH9JQPQ92J,8,2020,19
1450,Model R,107975.59,VZE3QGSSTPPQ,8,2020,19
7865,Model C,83551.73,CBOH8OR43FDG,8,2020,19
3880,Model R,103799.0,HT4FN4UNZ4N6,8,2020,19
1378,Model D,85763.95,33075NAW9FYW,8,2020,19
4198,Model R,116913.61,OTNI4T1SOYDI,8,2020,19
1492,Model R,116230.47,N5T32VZKETX7,8,2020,19
6211,Model D,95391.37,UDCZ7K85MEXM,8,2020,19
5915,Model D,92147.94,EZWT66FTAQ4A,8,2020,19
1996,Model R,116670.06,XH2B15S82XEB,8,2020,19
8720,Model D,77015.92,M060OMLO1U7E,8,2020,19
7412,Model C,80048.64,N3BDP2H8HMNY,8,2020,19
9383,Model R,108053.52,UUZCAVZBKLKQ,8,2020,19
8410,Model D,89381.21,NFM3EG6SSEUA,8,2020,19
4330,Model D,90082.23,J8D80I7W8E7A,8,2020,19
7754,Model R,114563.06,4QNTXW6KUCXX,8,2020,20
8801,Model D,93925.27,TS9HTQHP4D15,8,2020,20
9355,Model R,107713.83,6Q8V1M64Y7EE,8,2020,20
7901,Model R,100713.19,VHEHBKVK0N6G,8,2020,20
8684,Model C,81643.25,89BAMYHWG3WG,8,2020,20
1063,Model C,74817.53,I4NTORZ8OTJ1,8,2020,20
6698,Model R,110130.4,Z768CJGOLOOZ,8,2020,20
5891,Model R,101340.57,CLTRGWC7I8U5,8,2020,20
7591,Model R,117254.41,8PL2Z956OKFO,8,2020,20
8155,Model D,79467.04,TGK2C7XCC6B5,8,2020,20
4484,Model C,80243.9,8DJC2M98E3MS,8,2020,20
7274,Model R,113106.51,U56XFTTYVQY5,8,2020,20
5606,Model D,82938.12,UQVK8RUGOOGT,8,2020,20
3037,Model C,66380.06,3DEPK74W2WA2,8,2020,20
17,Model C,84015.91,K9EPNMFSLG8C,8,2020,20
7072,Model D,74516.73,QC93EM40IH6W,8,2020,20
5444,Model C,76726.94,1TBLP98WI385,8,2020,20
9944,Model R,92241.84,UH0DNWR4QXFG,8,2020,20
5929,Model D,88487.33,Q2BQE3QIUAXS,8,2020,20
479,Model R,113931.04,81A4MG7LZBW6,8,2020,20
475,Model C,68116.23,UA3F712C3UG1,8,2020,20
6064,Model R,92653.85,29MDZ7I8ZPUK,8,2020,20
7019,Model C,71065.92,ELL10GU1H5L0,8,2020,20
7646,Model R,119201.83,Q45KOARIOFM7,8,2020,20
5804,Model C,66170.2,XY77EBXD8DR0,8,2020,20
5876,Model R,101228.01,ANBQA6E38AEV,8,2020,21
1682,Model D,91833.41,ESD9BD1NFEXQ,8,2020,21
3632,Model R,102301.22,K9XDMZYYYDYM,8,2020,21
7457,Model D,89558.02,1L85C9OT2XX5,8,2020,21
2783,Model C,65355.15,848CB6PU1895,8,2020,21
658,Model R,109779.55,SILE4GQ0N5JX,8,2020,21
671,Model R,109778.73,2DZO54N6Y4SS,8,2020,21
7276,Model D,85064.95,PMTRGNWWCYN1,8,2020,21
6349,Model D,83448.85,T2FA73NVCPK0,8,2020,21
5882,Model R,113900.77,ZYZTW0IW9B0C,8,2020,21
5279,Model D,85772.52,E2CMDB7MGUJB,8,2020,21
7351,Model D,93877.45,9MBGZYL2V1W2,8,2020,21
6490,Model R,113735.11,KCQLAMSL0FNV,8,2020,21
7543,Model R,106730.33,7GWGNC4JIC6W,8,2020,21
9674,Model R,111291.03,DJ0Y554B44QZ,8,2020,21
3781,Model D,84566.39,JAUG1273TUUW,8,2020,21
1591,Model C,71711.79,4HA0KS994JA9,8,2020,21
8216,Model D,82331.24,CBCSQDIHG54N,8,2020,21
101,Model C,69165.02,I2D2F2S35HC3,8,2020,21
2102,Model C,81368.82,4DMX0H2FZXAC,8,2020,21
3085,Model R,95918.5,HXBE6BRIH3GD,8,2020,21
8789,Model R,94751.94,8T558K9MBR5U,8,2020,22
9440,Model C,65865.43,TS7DGZWHJ4N4,8,2020,22
3563,Model D,82855.31,TM5TR83450TT,8,2020,22
2129,Model D,74476.36,WD1S14QUZ1FN,8,2020,22
7838,Model R,118792.67,P57NSI8QZ8ZC,8,2020,22
3793,Model D,92120.08,P5IKFRTJJEWZ,8,2020,22
7460,Model D,78457.78,6WVZJ3WV1MYE,8,2020,22
1430,Model C,77986.17,1E1DUK2ECCPZ,8,2020,22
4532,Model R,94714.47,7FJDVJKN2T4R,8,2020,22
8564,Model R,108631.29,R6QSG8YYAOO0,8,2020,22
4531,Model R,118565.04,5GSPLN3RZWAQ,8,2020,22
2113,Model R,119060.99,ZQA2GTUB0XBQ,8,2020,22
854,Model C,72109.27,8TYYA19C4YEI,8,2020,22
4895,Model C,65206.91,LYG91STSLVM1,8,2020,22
7589,Model R,95133.58,UG76VWAU9U8X,8,2020,22
3565,Model C,68994.58,2VJ0JF29ZE2O,8,2020,22
4360,Model D,95907.1,PL46XCXTBPNS,8,2020,22
577,Model C,66160.42,AM8H8ARM5LDY,8,2020,22
4736,Model R,100297.05,W4QPLHUCMNMA,8,2020,22
4942,Model C,79318.01,RJFXPSE1Q0XB,8,2020,22
1375,Model R,102509.19,Q0AESBPIX9WO,8,2020,22
1192,Model C,82975.37,SV9611M6W63S,8,2020,23
8146,Model D,95630.61,LE60H420W3KZ,8,2020,23
8161,Model D,93332.1,BUHZB7XXOWYW,8,2020,23
4840,Model D,80852.88,JUW3HJ7O5LIN,8,2020,23
8117,Model R,97474.82,OSICFIOMDEOJ,8,2020,23
7799,Model C,82620.08,DPTLCVQ1GX4V,8,2020,23
6676,Model D,75785.88,N9P2IF4LSUOD,8,2020,23
2611,Model D,78527.78,U6LSZM846FHC,8,2020,23
6736,Model R,115409.17,KHKNA7RGY1N7,8,2020,23
4588,Model R,114140.09,ETQ6S3DX27B8,8,2020,23
4639,Model C,73876.33,948JHOQQ7HFK,8,2020,23
899,Model D,94327.74,6H8O4UP2RWF1,8,2020,23
833,Model C,65969.72,O997JWGOJY40,8,2020,23
7975,Model R,105926.64,H720CI5XTU4D,8,2020,23
9184,Model D,78880.18,M5XWUO6PL4M8,8,2020,23
1597,Model C,73432.64,Y8VGHKCN5O3V,8,2020,23
449,Model D,87402.91,PSO33YIR3J7K,8,2020,23
2833,Model R,94547.95,NGQJFH96ED1A,8,2020,23
8722,Model R,92205.06,FMTN5TCZP5YY,8,2020,23
7007,Model D,74210.95,IWXM3R5Q0UN2,8,2020,23
3406,Model C,73905.58,IA99B4IFO6DX,8,2020,24
5968,Model C,73486.77,UFUS7741KS1V,8,2020,24
6466,Model D,94564.33,DCT70H2FUVV3,8,2020,24
5240,Model D,93521.02,AS35BX8HJB02,8,2020,24
5951,Model R,115422.77,CX24TK8JFVWD,8,2020,24
4174,Model D,94089.12,IJBM3TZNT0R7,8,2020,24
7232,Model D,83109.96,9YJAXJMGY0IL,8,2020,24
437,Model R,99724.76,M9H0E55VE4DZ,8,2020,24
1168,Model C,67638.63,M780YJPAMUKE,8,2020,24
5762,Model R,93535.82,YJN5V2HRVLAB,8,2020,24
4925,Model R,98639.34,WHM29H0BUNLP,8,2020,24
2543,Model C,66680.03,1EOJ3ACG0R5G,8,2020,24
1388,Model C,67760.13,TUIF6V06VM06,8,2020,24
9259,Model D,76971.7,Y46ED1K7WY9M,8,2020,24
7750,Model D,78222.26,FVUXQNKHN6GT,8,2020,24
5623,Model D,88280.42,8RF6L70ODHDU,8,2020,24
7636,Model C,66070.28,6NKE9NOTCBW8,8,2020,24
8407,Model R,107701.35,WL1Q5IYLE8MS,8,2020,25
8872,Model C,70415.79,0SLR92A8KGRR,8,2020,25
8609,Model D,93626.03,9T5LWT65VI5R,8,2020,25
4349,Model D,77494.74,BDD28BBQSB7R,8,2020,25
3484,Model R,98289.04,K32XU5EJXC4T,8,2020,25
4972,Model D,94075.62,E60YYHZDSWWW,8,2020,25
4229,Model D,84357.11,33SZXJVXYBOA,8,2020,25
3175,Model D,89547.68,SZ122MUHPK1X,8,2020,25
3275,Model C,81775.03,OWDRXWA0EGZ1,8,2020,25
9298,Model D,92179.44,5VEX1MSDCGZN,8,2020,25
6062,Model C,71260.97,94CPJF2RYY2Q,8,2020,25
119,Model R,115602.72,VVKZZYW3AK5E,8,2020,25
7330,Model R,109733.81,FHKUF00GPEM0,8,2020,25
6319,Model R,112786.1,85JXQOCA61PZ,8,2020,25
4988,Model D,74713.81,OMRCJE737KN0,8,2020,25
7214,Model C,71455.59,3LFKXMUW9S5C,8,2020,25
4408,Model R,105767.66,O9KAJ9SPE7KO,8,2020,26
7175,Model C,67152.5,26B80FQYGY9Z,8,2020,26
1612,Model R,110166.47,A2WS6NEI7IFM,8,2020,26
9500,Model R,98560.9,OY42B8DVKQSL,8,2020,26
6856,Model D,83442.54,1E4F7KG2105K,8,2020,26
8645,Model D,85756.52,NLFRRFY1HQWO,8,2020,26
5666,Model R,116358.35,W71Z52CQ8XDJ,8,2020,26
2240,Model C,77032.67,YAVSOPI7TUIF,8,2020,26
467,Model R,109297.9,G8TGY31PRC0K,8,2020,26
3826,Model R,111462.25,8B6241J349DC,8,2020,26
2840,Model C,65535.88,W4TTDT5SAXAL,8,2020,27
7934,Model C,74221.11,BI7AAXOXW9ZI,8,2020,27
5096,Model D,76981.93,KICY7VU55LL9,8,2020,27
9083,Model C,82902.48,KG6KQVQJM9E3,8,2020,27
9598,Model R,102154.1,T064ZCJTK6VB,8,2020,27
8912,Model C,84387.68,UIXOKBH52B5X,8,2020,27
3344,Model C,76407.87,554HC3YKJ46V,8,2020,27
5668,Model R,116181.58,WIHEKHDUGE3Q,8,2020,27
3083,Model D,86516.44,55ANNQ3G3T6E,8,2020,27
6179,Model C,76148.78,ARI6E8NQ3IJC,8,2020,27
4441,Model C,84507.95,PK2AT7HNU6OK,8,2020,27
8191,Model C,70519.41,UHPIZTHM5EHO,8,2020,27
3260,Model C,66279.29,F82RMUQQ9FEN,8,2020,27
9329,Model R,92006.46,ME7F54C7VXHF,8,2020,27
4301,Model R,92793.14,1QULHUXO86IB,8,2020,28
1519,Model D,90809.95,OVUFT6G9O4MT,8,2020,28
4919,Model R,103429.82,HAW2B0W8VA01,8,2020,28
9542,Model C,75666.13,Y11WI3HZT9SD,8,2020,28
8495,Model R,118135.57,X5TZWFLFQND4,8,2020,28
353,Model R,119416.8,GTH4V4GNOPIU,8,2020,28
8104,Model R,107712.66,BLXLJP86U7D8,8,2020,28
4604,Model R,108722.67,06JH0L2CI7UW,8,2020,28
3604,Model R,112938.45,2X804GQPZGML,8,2020,28
5494,Model D,89786.1,EKBRVM2LN2O3,8,2020,28
1808,Model R,101686.32,TLGJ96SXCZ9A,8,2020,28
1189,Model C,83006.02,13X3FNEL46TL,8,2020,28
9569,Model C,80683.3,9TPU2MKGM0EV,8,2020,28
1150,Model C,78567.34,6GDSP6INCA8S,8,2020,28
9301,Model C,71454.18,L1QF5LFYQ0L3,8,2020,28
7916,Model D,95574.27,E7VFYDRE4DE9,8,2020,28
1610,Model R,112534.73,NOCX8MTCIW1J,8,2020,28
9049,Model D,95609.61,QCYJKH9AXAZ6,8,2020,28
1760,Model D,91172.34,3YV6P07S7WYG,8,2020,29
9899,Model R,110021.57,4WMKIBVWEPX2,8,2020,29
7637,Model D,89810.19,7XDBCY0KI3NE,8,2020,29
6302,Model C,71635.89,KNBJE8YCVL3U,8,2020,29
9820,Model D,74263.01,NCLKIGO7A0HP,8,2020,29
6878,Model R,109002.02,K63EU65DAX2D,8,2020,29
835,Model R,104450.29,RDFVAPJH8DUS,8,2020,29
7129,Model D,93142.54,3B1IILBTKZEO,8,2020,29
9418,Model R,113780.02,WSFVCACTQ1GG,8,2020,29
766,Model C,83864.27,2AWRREHT2VET,8,2020,29
7003,Model D,82752.28,XQMXSZIBWHIP,8,2020,29
5875,Model D,93580.54,4T4K3TLKV0QC,8,2020,29
6404,Model C,81566.21,4DC2YY6Z2H6G,8,2020,29
733,Model R,102841.63,RTJLZEAHG1OL,8,2020,29
2114,Model R,111886.15,T03PF7R75A2A,8,2020,29
6853,Model C,67750.22,5OW5JSTTP21L,8,2020,29
3956,Model C,69695.92,DF4S37ZORCWT,8,2020,29
5083,Model C,75725.03,8OVLPWW3FOO2,8,2020,29
2324,Model D,78593.88,0J1YLTGWM2E6,8,2020,29
646,Model R,113455.26,RLBO19YU93IX,8,2020,29
3011,Model D,80971.23,TLPHWLDYNLCC,8,2020,29
8992,Model C,77165.86,73CBS9WI9547,8,2020,29
7474,Model D,86061.78,GA5L4ARU660B,8,2020,29
5381,Model D,83471.92,EWX1IAQPCYFP,8,2020,30
6587,Model D,90724.31,NYZTZ7VYYFQU,8,2020,30
3883,Model R,103958.71,TJA28S94PRQD,8,2020,30
7423,Model D,83365.77,Y76PK7RE2CRL,8,2020,30
1370,Model D,93178.82,UK7YZMA3Q5A3,8,2020,30
743,Model C,73806.59,MEPRIQXRCKTA,8,2020,30
680,Model R,95993.8,356J9VB3RO6D,8,2020,30
5102,Model C,72227.99,7DMGQRIO14XU,8,2020,30
1465,Model C,72748.27,VVUPFHNK3Z55,8,2020,30
3004,Model C,69318.76,S7L2Z21LQ3YC,8,2020,30
8792,Model R,110394.72,D2MZEA9HF21Z,8,2020,30
4628,Model R,113553.84,T0WQEUVEJHP5,8,2020,30
9212,Model R,102206.17,C9DWS9YLC3LD,8,2020,30
1177,Model D,93049.47,6ITH9874D8AN,8,2020,30
3761,Model R,101405.2,GQVRJIISZ7ZI,8,2020,30
9782,Model D,91907.76,780B5L3G2968,8,2020,30
1244,Model D,76431.16,N0YLXXEK2QVF,8,2020,30
2507,Model R,100904.43,SNA6JJW819PT,8,2020,30
3016,Model D,85501.91,MT1KJ9G7XVKO,8,2020,30
3311,Model C,75567.46,8HY3HQRZ0F09,8,2020,30
3556,Model C,77798.79,20BJ2ZOWGHL8,8,2020,30
8600,Model R,93958.53,DW4N6JAYFI1S,8,2020,31
3815,Model D,91689.33,Y3WUJ2FWJ8W4,8,2020,31
1081,Model R,119418.31,DO2ZWDZ2F0IR,8,2020,31
3317,Model D,79009.26,XPGC9AES7LOP,8,2020,31
1807,Model R,103004.33,SRHN8LOSTW5S,8,2020,31
2312,Model D,93413.97,I2QL4SGIU8HI,8,2020,31
4814,Model R,108584.6,AJYV6MPURWUI,8,2020,31
9658,Model R,99553.79,K7MPVLKO7U4P,8,2020,31
5659,Model R,100476.66,A2EWS9Q7AS85,8,2020,31
9580,Model C,80652.97,DYGZ60380VZS,8,2020,31
749,Model C,77330.08,L45FNL64PS7F,8,2020,31
3670,Model C,70376.43,QVHE0PCNVV9D,8,2020,31
7046,Model R,109666.25,EBEPY83TDMKD,8,2020,31
4028,Model C,79973.11,L9WGVEDOLYHR,8,2020,31
8114,Model D,80037.36,IQQSMQ99DKHO,8,2020,31
2513,Model C,83298.17,VEBYOIFAJNF9,8,2020,31
9380,Model R,114985.98,CW9FHWLBT79B,8,2020,31
9833,Model R,100747.74,QWN5V92IBMZR,8,2020,31
4376,Model D,86122.32,XHAHSSXXK8I1,8,2020,31
320,Model C,66108.28,J71E2EM611LG,8,2020,31
3394,Model D,81973.29,TQITGZZ3Y5N1,8,2020,31
8563,Model C,80742.52,FJVSGRL45V9C,8,2020,31
5113,Model R,94714.75,S7R7WRR3OV1G,8,2020,31
3710,Model R,111319.81,5ZJ6O8PE9MID,8,2020,31
4060,Model D,95601.24,ZKF2F25OL5QV,8,2020,31
1940,Model R,109992.74,XCDQ5BYCGNGW,8,2020,31
2116,Model D,95323.77,O1LFNU9UIAPP,8,2020,31
2179,Model R,112997.54,BG81RTXZCP75,8,2020,31
8620,Model R,96836.21,40M1BESLKCWW,8,2020,31
3167,Model C,80746.84,36G7MW0LRRAQ,9,2020,1
9352,Model R,107568.57,Z40A3S228ZMW,9,2020,1
7012,Model D,96166.05,3A9VS6253QLO,9,2020,1
6463,Model C,82035.36,10M3XWTLK3MI,9,2020,1
5297,Model C,78447.7,ZBVLXGJRYHZQ,9,2020,1
7996,Model C,73463.37,PFCXX8GTC1RV,9,2020,1
1646,Model D,95700.09,LUQU0PAAYP3E,9,2020,1
2270,Model C,68457.63,799I2KIURHT2,9,2020,1
4430,Model R,107899.29,CYZZZIZLQMMO,9,2020,1
5383,Model C,74633.12,YFEZV99AMTJ5,9,2020,1
1157,Model C,84567.08,QJJ3ZS42CMIB,9,2020,1
9400,Model R,105802.72,0T17MIUKQIXY,9,2020,1
3581,Model C,78235.6,XDB43NAI6D1N,9,2020,1
8546,Model D,87700.08,NH57HNXCXSHC,9,2020,1
2458,Model R,116686.62,6XH8JJ5CVXC5,9,2020,1
7087,Model C,73230.2,FKWET0PR4SYN,9,2020,1
6115,Model C,83936.71,XULTACJ61G29,9,2020,2
3298,Model D,93625.78,UVAZ69PIOC2X,9,2020,2
9029,Model C,76001.12,H8K2JG39ZDG5,9,2020,2
7939,Model C,68528.17,VQ26LWI8RVT4,9,2020,2
8267,Model R,116539.6,VPQNDNZCI2LM,9,2020,2
8147,Model C,84033.61,LQT10ZY785T0,9,2020,2
4171,Model R,99943.81,MFQLBCB2S3RQ,9,2020,2
964,Model R,95844.24,UJ2DHXRW3UMQ,9,2020,2
9974,Model R,107540.09,M9VEPO57OTE5,9,2020,2
8201,Model D,79765.48,Z6BLTAQFE3XH,9,2020,2
8509,Model R,97501.1,FQ0AQIX44AIM,9,2020,2
2770,Model R,112080.67,MFYM019KUIMH,9,2020,3
5983,Model D,84226.52,BKD779C9DDYT,9,2020,3
2729,Model C,71162.22,GWMSV3H0KT78,9,2020,3
9715,Model R,103255.22,1X5TGVM2RPJB,9,2020,3
8087,Model D,89374.93,OR1XY7LOI9XI,9,2020,3
2968,Model C,79935.86,90ARTZYYIVDN,9,2020,3
8713,Model D,82596.38,DM6KB23YAXDW,9,2020,3
6979,Model C,74170.44,R23NJUD97WIU,9,2020,3
1969,Model R,104974.55,MZ2T95RP5WEJ,9,2020,3
4994,Model C,74183.34,HBJMF4T50F2Y,9,2020,3
7481,Model D,84575.08,SRHNG563OGDA,9,2020,3
902,Model D,87571.69,7KNWWQXAQAOT,9,2020,3
3172,Model R,113252.8,3YC87I9IWJO5,9,2020,3
7054,Model D,75949.6,DM426I4H5Z0O,9,2020,3
1724,Model R,101459.97,5SXHHBVC8YQF,9,2020,3
1129,Model D,94297.25,BJIOE1Y5O146,9,2020,3
3869,Model R,101870.81,MJTWF4PNPJL1,9,2020,3
9467,Model D,88385.91,IJZ0WJRE1B7N,9,2020,3
569,Model R,97547.62,XQGRVSSB8JG1,9,2020,3
4063,Model C,70694.51,IB82U1NTV12V,9,2020,4
2572,Model C,66085.41,FQPOILS9OFHB,9,2020,4
9689,Model D,76764.32,BOFPRPZTM18Z,9,2020,4
6758,Model C,65404.53,YCTZSI86WV7O,9,2020,4
6620,Model R,99853.24,KE8XZ20P53DP,9,2020,4
4661,Model C,81424.55,LIF3F6BN9N5R,9,2020,4
5122,Model R,118121.91,IX6C1HFCBNYR,9,2020,4
7751,Model C,83644.66,EJJYPOWKTP0Q,9,2020,4
6592,Model R,107694.1,XXG1TELC738A,9,2020,4
9854,Model D,92021.34,F7WRCDTRF8H1,9,2020,4
7735,Model C,73585.57,A466A7BJI0PN,9,2020,4
7556,Model R,101328.01,LZO4QERCX9NT,9,2020,4
1163,Model C,68210.77,G1E2UXTKNI56,9,2020,4
4912,Model R,95362.38,BWHV0XJZD9OJ,9,2020,4
4234,Model D,92697.65,V7B0WVZLZ5VW,9,2020,4
2093,Model D,95311.72,IGG6BOQCR382,9,2020,5
3391,Model C,84537.3,TEJHTDHGL4I9,9,2020,5
442,Model R,100203.94,IO5C8PFER6A3,9,2020,5
2066,Model R,109556.48,PMU78W4XKGXL,9,2020,5
4012,Model R,109202.74,JWDVYVJU1OIS,9,2020,5
2996,Model C,83539.82,OA9L1BZYPT3R,9,2020,5
6331,Model C,77089.09,3YW1ELSO0CSI,9,2020,5
4613,Model R,119457.5,1MSABV7EKEM4,9,2020,5
5665,Model C,75698.28,0H3UAFXKBNMT,9,2020,5
7415,Model R,100327.29,TBX7ZLZCHVBY,9,2020,5
4499,Model R,108453.73,1MF4LDWILGRG,9,2020,5
5129,Model D,86110.23,1M5L0YB8AHT8,9,2020,5
9104,Model R,100028.1,1NUO6WSHX9ID,9,2020,5
7316,Model D,94469.39,70PLP5JF6BUU,9,2020,5
1055,Model D,93460.03,YUIXS6JX5NII,9,2020,6
5524,Model D,90709.45,V6DPCRHLUJU2,9,2020,6
5035,Model C,72832.61,STKEBLG2Q43W,9,2020,6
6941,Model C,80782.72,VB953REIRPYT,9,2020,6
3862,Model D,85918.74,PR00ATQT80CB,9,2020,6
778,Model R,96767.02,0Z48WUIAN3V3,9,2020,6
761,Model R,94589.83,SCWPKDQXSAXC,9,2020,6
4577,Model R,103524.76,ED2KI3JUP27O,9,2020,6
967,Model C,66951.18,5VSWP0VSANU8,9,2020,6
3043,Model D,81885.32,HKSW2IW9Y45H,9,2020,6
2608,Model R,112688.65,0KXMDFIARO6P,9,2020,6
6871,Model C,82617.29,0OXVTRVYMSLS,9,2020,6
1741,Model D,76638.11,WRG4D1H6WBMH,9,2020,6
8611,Model R,104122.57,DOBO867RMDPV,9,2020,6
3224,Model D,90117.31,635XYZSPVJN6,9,2020,6
4042,Model R,103346.29,MFGND5MFAIJ5,9,2020,6
8881,Model R,111324.61,UXJRWIFY5CMD,9,2020,6
2284,Model D,95272.41,ZAUQKQODA3CV,9,2020,6
6142,Model D,93791.95,U6ENQIDNYWHW,9,2020,6
7444,Model C,80487.83,5T3EJ56S0AF5,9,2020,7
7259,Model D,85668.85,LCS7A9Q6WRJ7,9,2020,7
6472,Model C,74994.26,5JBHLVUORV0S,9,2020,7
6032,Model C,79462.8,WV6J4Q21Y1CF,9,2020,7
8494,Model D,92812.21,2NOS64Q6JVVC,9,2020,7
7585,Model C,80401.81,1Y89OEWURP1V,9,2020,7
104,Model D,77281.27,VI7PGJFN403Q,9,2020,7
5068,Model R,116418.8,HZPUB6KK3X8O,9,2020,7
9502,Model R,118732.01,BO4V319LBZ90,9,2020,7
3614,Model D,90068.67,AJ7M91MQPLLU,9,2020,7
4081,Model C,73830.2,2UE5MTI0UOSA,9,2020,7
700,Model D,93553.32,0QAF1RZA93SH,9,2020,7
6563,Model D,76663.42,RQO1QG6QDQKQ,9,2020,7
8923,Model D,83954.81,9N0Z5DXHS53W,9,2020,7
8876,Model C,82917.24,8LXNOJGKTZOX,9,2020,7
242,Model C,71813.98,IHH5AVTVSZYB,9,2020,7
221,Model R,106332.4,2T3JSXGUH5AI,9,2020,7
4516,Model D,82131.0,TJDJ0O6UQDP2,9,2020,7
6506,Model R,118894.99,XBCETJD33NY3,9,2020,8
7937,Model D,77583.23,CZ483N7EY8X7,9,2020,8
2048,Model C,80958.18,YUR9DOE8DOCL,9,2020,8
3898,Model R,98295.4,PB21KHO42T8V,9,2020,8
2642,Model R,117920.51,SG1L48WJ8Q9A,9,2020,8
2720,Model C,84396.63,2F5UU4I4XI12,9,2020,8
2861,Model C,75572.94,7ZGGTLMK44G0,9,2020,8
3950,Model D,92010.74,JMZBR6PNDFTI,9,2020,8
8671,Model R,98898.27,UVO0DJJHTNBW,9,2020,8
8482,Model D,86208.98,OU0BL0964L3D,9,2020,8
7501,Model C,79375.06,BF93K176OX8D,9,2020,8
3050,Model D,75516.04,SN3GGHB8FTRK,9,2020,8
2254,Model R,114560.64,7AOWTL2WTS67,9,2020,8
7787,Model D,76726.42,1CKKTM0E8N6P,9,2020,8
2272,Model C,72299.05,OLZKTPURDR0D,9,2020,8
6614,Model R,96941.9,UFSVMS0N596V,9,2020,8
1786,Model R,112333.38,6N84QVRVMPWW,9,2020,8
841,Model D,89694.1,M32J0HFU4SEC,9,2020,8
4186,Model R,105510.54,MIRCD64V4GRC,9,2020,9
8668,Model R,98333.56,H4UU9B8IIN31,9,2020,9
7759,Model C,70971.54,OUMKCQRIH2OI,9,2020,9
9325,Model R,94904.48,7PZPUO0HS4L2,9,2020,9
146,Model C,84420.1,ZMSQXTCAI1ES,9,2020,9
8579,Model R,95164.13,SXTJN4GZAARM,9,2020,9
7588,Model R,117381.89,476AVQ6CYUC4,9,2020,9
1886,Model C,81984.44,GPO21S21OFMP,9,2020,9
2806,Model R,97863.01,880BK538380A,9,2020,9
6097,Model R,99224.69,LN1KT6DB8SR8,9,2020,9
6790,Model D,89585.07,BRYBAPMFJWJH,9,2020,9
5561,Model D,94213.49,PTXLO6RPTMK1,9,2020,9
995,Model D,91289.06,YUZMGJJBUAQK,9,2020,9
797,Model R,108383.1,Z684YLKO4UG5,9,2020,9
6524,Model D,91577.79,XG2R7FG64MWV,9,2020,9
5896,Model D,76955.35,8MLKEOIMQE5R,9,2020,9
6257,Model C,70517.01,9IHQYJXA8FDI,9,2020,9
7327,Model C,78226.4,GLXW1OURCE1M,9,2020,10
5008,Model R,92897.77,QYK51RXDGO58,9,2020,10
5392,Model D,76376.51,087HK6MWIOHU,9,2020,10
2345,Model R,111581.8,JLN2N1LYZ4AC,9,2020,10
3203,Model D,75539.26,YGW6K03A6HV8,9,2020,10
527,Model R,104857.62,RPBVC60K4ZD1,9,2020,10
6649,Model R,92574.99,SHOHHYJ4TD2P,9,2020,10
5231,Model D,84935.49,B4FMTXIEQ43N,9,2020,10
5695,Model R,103974.58,V4LKTLWVMX1O,9,2020,10
44,Model D,90314.31,P4WXVDMEF3I4,9,2020,10
4643,Model D,88984.02,Z2TATBLU6RPM,9,2020,10
1675,Model C,80263.24,QJ9NMNKI807K,9,2020,10
6913,Model D,85088.72,KWHMTPWK8QD4,9,2020,10
2680,Model C,68482.66,R5JAR3IVDO1Y,9,2020,10
6595,Model C,65864.52,XRWNOO78E3I4,9,2020,10
9880,Model R,93420.98,AH5BD2FGMD5R,9,2020,10
2804,Model D,86870.31,P9UOVSO1JILT,9,2020,10
8062,Model R,108003.54,VVDK5VNLBBQ4,9,2020,10
9461,Model C,66294.84,GSSNBICN9IRP,9,2020,10
5909,Model C,74618.0,9NV05B4TOPHN,9,2020,10
8866,Model R,113543.88,05H0WJAV2AU2,9,2020,10
2176,Model C,70919.27,UBL25HAKMIJP,9,2020,11
3511,Model D,95004.42,WCM29QQDJSD2,9,2020,11
4316,Model R,96008.34,P2GX8B3IXEWQ,9,2020,11
1691,Model R,103325.02,LZP6QXXDL7Y8,9,2020,11
2717,Model C,77638.82,7V4BWKF04WQB,9,2020,11
7709,Model R,95897.49,045ICH7KD7QW,9,2020,11
7241,Model D,83654.11,7LOFXN4COVEN,9,2020,11
3352,Model D,76394.54,54DG0INFIEFQ,9,2020,11
9604,Model C,80772.85,DB7U5JBP3EWF,9,2020,11
1751,Model R,107195.81,8JGVZNUJWJGE,9,2020,11
7954,Model R,94628.01,S8PH2R93KJA2,9,2020,11
2990,Model R,96941.29,RQ3OCDDGP6HY,9,2020,11
2719,Model R,102083.04,A0UPPPWV7FH8,9,2020,11
9578,Model C,68895.97,3RYGKAU78O4V,9,2020,11
6416,Model C,65765.19,0RSENXONW2PU,9,2020,11
2915,Model D,76090.75,H9WOZDZ60QFX,9,2020,11
7010,Model R,112626.58,4ASCU0WL1A22,9,2020,11
4730,Model C,78728.75,GEDPQWXURH8L,9,2020,12
7402,Model R,116508.91,0VNHTSH1QWH5,9,2020,12
6806,Model D,87526.94,SCZZ1IMF5ZQX,9,2020,12
8210,Model C,75700.97,0DKP5XA62JQF,9,2020,12
7889,Model C,79600.39,EV6VVNG2AHCE,9,2020,12
8492,Model R,93785.84,46LG1XILA26N,9,2020,12
8869,Model C,84422.65,0IV6I8IMF7MU,9,2020,12
1897,Model D,80961.98,54OKVO197D6M,9,2020,12
202,Model D,80314.53,JN1P9G4ZI9NW,9,2020,12
3257,Model R,94390.96,UHAHCCAMJGQG,9,2020,12
2120,Model C,75338.77,BNXTINQ526GS,9,2020,12
9871,Model C,71137.12,1OOW7VT45H3S,9,2020,12
5131,Model C,82723.1,LFIBZ8DM3ZVI,9,2020,12
2383,Model D,94848.05,ZG7ZCM0EP68O,9,2020,12
4391,Model R,97024.3,FHQS9HCJJX2W,9,2020,12
9908,Model C,71644.43,WIXJPQ7Y7J48,9,2020,12
3496,Model C,75398.56,1T47IQXQM8FM,9,2020,12
7018,Model D,82119.72,T0OF1XJI7H5O,9,2020,12
2776,Model D,83078.25,OTKTFD3K5HE3,9,2020,12
5351,Model R,117573.68,DJ0KFRUMWCAO,9,2020,12
8726,Model C,67247.22,Q8SMVJG4LCR4,9,2020,12
4418,Model D,93815.99,E0FZYXX9TNM1,9,2020,12
5321,Model C,78080.19,0YMS01NXQ6JU,9,2020,13
7816,Model R,106209.48,N63LLN09A8C0,9,2020,13
7634,Model C,80691.8,VN41G1P2FEWR,9,2020,13
515,Model D,93567.21,EYU8K0CCJXEE,9,2020,13
280,Model D,88496.23,4NKDXCLDQR7O,9,2020,13
193,Model D,91140.75,JB0HD491SJQZ,9,2020,13
9364,Model R,94598.19,EPEN94CFWVDG,9,2020,13
8485,Model R,105741.38,WP5OWDK3RJGY,9,2020,13
3038,Model D,83873.76,I6RKSP8UYK62,9,2020,13
5747,Model R,95737.13,P1ULW5DZKV66,9,2020,13
959,Model D,79142.87,QUMP5YO03SIL,9,2020,13
3112,Model C,76047.99,VZ04PWR6PC4L,9,2020,13
5032,Model D,88402.8,QNIK9PFU21MA,9,2020,13
9466,Model C,71587.7,Z52SHOO38D8O,9,2020,13
3769,Model D,92097.1,EV1FCU0YW0CK,9,2020,13
6730,Model R,103613.86,L8JFA6GFHV77,9,2020,13
8066,Model D,81634.97,1G5US7BS6K8D,9,2020,13
1286,Model D,84165.52,W5TGF6LXS5OA,9,2020,13
4373,Model D,87352.11,VYBOAYM06X92,9,2020,13
6365,Model R,114519.24,YGV6BVM7DLOY,9,2020,13
8219,Model D,90904.21,KRZ936IRPR27,9,2020,13
8029,Model D,89679.31,FS84OTTQ3JMC,9,2020,13
8059,Model D,77021.4,3WSJV0B8TUKZ,9,2020,13
3634,Model R,98889.52,2SP48TFHWA1H,9,2020,13
1882,Model D,86713.91,QJZUPHTBMZ0W,9,2020,13
6458,Model R,117551.61,DYJXQYSVE5DT,9,2020,13
1549,Model D,78222.62,0BE8J5T3WF8E,9,2020,13
2726,Model D,77008.83,3TPSQGM63O1Q,9,2020,14
9920,Model D,93184.05,19BEWFYWVHKC,9,2020,14
7033,Model C,66183.25,MXUMR4KLAATI,9,2020,14
7016,Model R,117035.15,DY59MSGKUO8K,9,2020,14
7645,Model R,108824.76,HNSCXZX3E36S,9,2020,14
7610,Model C,71238.51,CM5C455ECJE1,9,2020,14
8890,Model C,79214.25,K7DM5AZSMQAJ,9,2020,14
4706,Model D,82565.1,J3D6PDXIF7UU,9,2020,14
3850,Model R,103240.27,MM3203IF2O6H,9,2020,14
5861,Model C,71129.49,0W7LYNMG2TZV,9,2020,14
436,Model C,74467.86,KTIEYSHV0FH8,9,2020,14
8419,Model D,86396.37,9VFAWO8T28SF,9,2020,14
7391,Model C,67443.91,5834MMS42TR5,9,2020,14
455,Model D,84374.07,ZJBHE4KDG6HQ,9,2020,14
5020,Model D,95443.61,USBCNJFFFTYZ,9,2020,14
299,Model D,84485.15,MNEB7JYNVK25,9,2020,14
5065,Model R,114289.35,T6YDOPDMVV4L,9,2020,14
9082,Model R,99445.89,ELEK2ADIKJ42,9,2020,14
8396,Model D,80165.2,6RGXUIBY0BGK,9,2020,14
6575,Model D,95784.15,YU7PM1U35S5D,9,2020,14
1109,Model C,71163.09,5IZASM6H9RUD,9,2020,15
8980,Model R,104487.52,KOZDW9QZMYT3,9,2020,15
1771,Model D,85060.73,VMCYO6V4E71Y,9,2020,15
5206,Model D,90406.39,T0NY1AGL00S4,9,2020,15
4277,Model C,71266.04,0DXZ9FM7V45M,9,2020,15
3706,Model D,86318.64,C0DPZ0H11N3C,9,2020,15
3536,Model D,75930.87,BCIHKY3X9X8G,9,2020,15
8540,Model C,73482.97,ZBOI2QQHZ82Q,9,2020,15
3824,Model R,118399.32,V7Z4A4V5RRJF,9,2020,15
2249,Model C,75862.33,JZTASRC2ATVR,9,2020,15
4309,Model C,66256.51,3YUAIMK0ZDPT,9,2020,15
1870,Model C,81212.46,L348XVMM22C2,9,2020,15
1606,Model R,95040.44,LB4OQIDJSEGT,9,2020,15
9640,Model D,92704.49,V3JPYPNO0Y25,9,2020,15
949,Model D,82037.73,GFIYNJV4QQTE,9,2020,15
5011,Model D,87841.57,5QLMXEFJ0K4R,9,2020,15
8779,Model D,81709.48,XI92SLVOWHRD,9,2020,16
3982,Model C,66470.97,EBEBGOXTZBTZ,9,2020,16
8305,Model R,111267.12,U2H2L93IFCGX,9,2020,16
3901,Model R,118337.34,RMZAOQ609P6I,9,2020,16
8048,Model D,91423.15,MYMTD5D3QM7D,9,2020,16
3041,Model R,98250.81,5253Z804UACC,9,2020,16
8719,Model R,118450.29,BWJZP1XGXA44,9,2020,16
593,Model C,70365.98,L9JOLWIT7VQB,9,2020,16
6460,Model C,76610.44,S86BMY9U9XJN,9,2020,16
3976,Model R,112486.19,BS4ITZPIY3SL,9,2020,16
3734,Model C,83278.53,ZL7RREFCAELB,9,2020,16
88,Model C,66047.73,INJF0JU07W1S,9,2020,16
8555,Model C,81062.25,1Y8LI1H9JXL3,9,2020,16
6182,Model D,80560.8,QM0F0MI00K6M,9,2020,16
9170,Model C,71754.55,OIGT59WIW0W2,9,2020,16
3856,Model R,95714.07,92VX7B8328FL,9,2020,16
28,Model D,77169.37,W7MQOOXFR1EF,9,2020,16
8072,Model C,72649.74,Z0UR4ND3LWUL,9,2020,16
5816,Model C,77961.3,J1XQRVFQEIM9,9,2020,16
7936,Model C,76846.05,XWNVZO7FOFIU,9,2020,16
5053,Model R,98372.79,U313H7H4CC7E,9,2020,16
176,Model R,112166.78,DCLHEM130BHV,9,2020,17
5398,Model C,66783.26,5RPL9SC30DA2,9,2020,17
5686,Model C,78269.0,8VVRG2MHE582,9,2020,17
9496,Model C,69738.46,M11ZUI94WUSI,9,2020,17
1190,Model C,72458.23,QT0JX9YV7AZK,9,2020,17
8488,Model C,79807.16,6BMFMLAWGIXX,9,2020,17
3860,Model R,104128.81,E8XEEXDDKE9Q,9,2020,17
1441,Model D,84422.91,M1XOMX7YZXHU,9,2020,17
9164,Model C,81319.6,B51KXMNJ6C2M,9,2020,17
6293,Model C,76241.51,POUK5FHJAVQQ,9,2020,17
9002,Model C,81037.23,F4R6REI7QB6Z,9,2020,17
5815,Model R,118971.81,I20IAFNFT27F,9,2020,17
5069,Model D,83572.1,Q647BB00D3Q7,9,2020,17
49,Model D,75569.59,TKQTA5N9UVG1,9,2020,17
4457,Model C,83830.7,C8JO3V65A0X9,9,2020,18
2602,Model D,87918.15,V2GBD7UV8BD9,9,2020,18
8033,Model C,76435.58,PUMHDLIDTFVV,9,2020,18
7015,Model D,76801.14,VLGC6I8UQLO7,9,2020,18
4946,Model R,106043.08,2FRDLMXZ1JQJ,9,2020,18
9970,Model D,80581.23,L7X7BMCALI6T,9,2020,18
8884,Model R,93940.54,INPN1IR1RHOG,9,2020,18
9848,Model D,74331.09,DL58PV9ZDRB6,9,2020,18
2357,Model D,88418.83,L7Z0SNH5A2WM,9,2020,18
226,Model C,73694.38,MKI3N4MZIPNZ,9,2020,18
9890,Model C,83926.31,TDRKWD2NVSCY,9,2020,18
3955,Model D,77480.2,0SRZBBFAVQD2,9,2020,18
1009,Model D,76133.83,QX0U54YTTOMF,9,2020,18
2765,Model R,105518.98,EBYCM03G6XYP,9,2020,18
7100,Model D,86173.55,TKW9NJ61AL71,9,2020,18
7618,Model C,75237.62,AF13WPMCXP46,9,2020,18
2798,Model D,94935.81,VF8IOI4N59FO,9,2020,18
9760,Model R,109309.51,GERJKTQZ3O4Y,9,2020,18
617,Model C,75666.59,ZPJ3W2DDU5NV,9,2020,19
4630,Model C,73900.32,KI4VGPZJD0OD,9,2020,19
7198,Model D,83792.2,WCFWNEWP80BD,9,2020,19
1304,Model C,68764.47,68DH0Q19M1L0,9,2020,19
9263,Model D,82254.0,XT3OR85O3O8I,9,2020,19
7843,Model C,71951.94,IAQFA17M6B5Y,9,2020,19
6577,Model R,106060.06,I2TG9YC0D5RR,9,2020,19
4777,Model D,93009.27,N0R9H5YISUSY,9,2020,19
424,Model D,96111.24,3KJH2KD09PDM,9,2020,19
4865,Model R,96827.34,6I8F8GBFQ0XF,9,2020,19
5780,Model R,98834.08,TTXA9CA72ESF,9,2020,19
2525,Model R,109057.34,OR2PGIYYV2JV,9,2020,19
521,Model R,111375.12,SNG4WPMVJWLG,9,2020,19
1505,Model D,79384.46,4ZD14BNNIPQR,9,2020,19
2111,Model D,79385.92,AG8T8YH6ARAH,9,2020,20
9838,Model C,82562.05,V6OK7HS9QPUC,9,2020,20
823,Model D,95990.73,APD58J3J50KK,9,2020,20
9706,Model C,82522.02,BQPDF8FDL5A0,9,2020,20
511,Model D,86314.9,0P7Z68H83E87,9,2020,20
466,Model R,95110.38,661LF6JYIOA2,9,2020,20
6074,Model D,95928.2,6HXNDRF93H4P,9,2020,20
8675,Model D,84996.21,05PKQ4H6FXYM,9,2020,20
7172,Model R,102514.05,E0OCVO6DNP0I,9,2020,20
4492,Model D,78086.28,0ZL9TXQ9IJP8,9,2020,20
4861,Model D,81616.58,F50V3ZVM808R,9,2020,20
403,Model C,80742.82,JSFK2QN5RD9C,9,2020,20
8819,Model R,92688.32,2ASXOK3XEFXF,9,2020,20
9107,Model C,77472.0,FW56COU0V5ZC,9,2020,20
3146,Model R,118206.74,V7GTMRACCSB0,9,2020,21
2983,Model D,78804.2,YENQB98F6BZH,9,2020,21
5264,Model D,92124.53,OFORSXG0Z8J2,9,2020,21
3893,Model R,104302.64,FF6ZGLQOMA8D,9,2020,21
9476,Model R,101605.2,GVA7BSUNWH3S,9,2020,21
6086,Model C,68140.56,15X2AOME7JC3,9,2020,21
5204,Model D,80316.25,3GIJ8CWMRMJL,9,2020,21
427,Model R,92605.8,O7TEJUTCGOPZ,9,2020,21
1175,Model C,74128.56,3EGFDUTJ4C1B,9,2020,21
7643,Model C,68734.46,P99HHUREPT3D,9,2020,21
8950,Model C,74421.8,ICOR7YS4K4SN,9,2020,21
2557,Model R,108647.69,BH9UUX0F265O,9,2020,21
4079,Model R,108802.88,4QE495PR85BZ,9,2020,21
6263,Model D,74742.16,GELKMWWMA9SO,9,2020,21
1139,Model R,93802.62,HW06IX71FJQ7,9,2020,21
2651,Model C,75445.51,NMQ11SEK2U6O,9,2020,21
4595,Model C,84410.74,JXH1HMUC4SQA,9,2020,21
8408,Model R,104253.16,68UERMEYH242,9,2020,21
991,Model D,84450.82,8NRNPL7PM741,9,2020,21
2452,Model D,78070.06,9CFV428SYJY6,9,2020,22
3472,Model R,112842.27,RED6WUV8D3Z7,9,2020,22
7624,Model D,80353.52,EZOC6JY4TMS0,9,2020,22
8240,Model D,87389.12,LHZH4IM76XLX,9,2020,22
1529,Model R,94664.84,37T64YCJX3AC,9,2020,22
8917,Model R,99607.36,UXMD37UX7PMS,9,2020,22
5981,Model C,65421.15,1GE62MADBQDU,9,2020,22
7861,Model R,93857.92,A6FOC2NMCQ11,9,2020,22
910,Model R,115947.69,2SPN58EWU9AW,9,2020,22
2660,Model R,119580.52,F1GXWP8CJ6J9,9,2020,22
4609,Model C,72529.28,CW5HMHD23UDB,9,2020,22
3145,Model D,87499.72,Z5A8159ZEP7K,9,2020,22
5996,Model C,83766.31,E9SV7W18ULR9,9,2020,22
4129,Model R,109230.85,5ZFEPN1MS9ID,9,2020,22
6638,Model R,98088.97,16J3HZ6A4LEI,9,2020,22
9410,Model D,75486.93,QSYYMWYFCMMK,9,2020,22
7798,Model R,118116.97,GIBA0BLNK5ZK,9,2020,22
8648,Model C,76273.75,ZODY67I53DUU,9,2020,23
7381,Model R,109177.92,C7SOCOLGM5MG,9,2020,23
6851,Model R,98688.01,BXFQR1AIPHQN,9,2020,23
6026,Model D,92965.47,LPEPKVMN5QZO,9,2020,23
6280,Model C,84129.08,43NZ3VEU5N1Z,9,2020,23
7106,Model C,69819.35,HELQNH61MSP0,9,2020,23
7924,Model R,99665.44,0Z5KSEAB5OGX,9,2020,23
4438,Model D,79178.47,Y9ZKYCU2DE4S,9,2020,23
9902,Model C,82953.89,E7LL9CAM70DK,9,2020,23
6113,Model C,73059.93,JCSSNBK1FDXE,9,2020,23
6551,Model R,99748.44,HD5S8D2I296L,9,2020,23
8903,Model D,89344.5,15OADQTSW7NB,9,2020,23
763,Model D,84166.38,JX519XWQCRW0,9,2020,23
8065,Model C,77992.48,IRDRJLYXLJDS,9,2020,23
2384,Model R,98141.14,8JM06YH5OT7J,9,2020,23
6229,Model R,112060.39,S43O9U5M0NMG,9,2020,23
163,Model R,100260.87,ATPC02IRJVNU,9,2020,23
878,Model D,90363.7,P95BFLHX7P2T,9,2020,23
1099,Model C,75290.9,IJPRZCT4ZQ4B,9,2020,23
5345,Model C,66613.39,QHZGL3HK7NKG,9,2020,24
9469,Model C,67727.43,0U2J4SBTK1Q1,9,2020,24
1408,Model D,94543.35,82EMWS6FSWWM,9,2020,24
5111,Model D,80424.45,OLE1TK2J1K1P,9,2020,24
1486,Model C,72738.42,0UT0EPKD6ZBA,9,2020,24
1711,Model D,74943.07,L7ETW319G142,9,2020,24
5689,Model D,92291.51,6CNZTHWHMS14,9,2020,24
5216,Model D,74482.92,JASGHP3ELJK9,9,2020,24
5335,Model C,72148.07,WUX02BNP61SY,9,2020,24
1651,Model D,75240.06,802NOX7STUHV,9,2020,24
3653,Model R,112038.32,GNFPW75XPS7M,9,2020,24
308,Model D,94594.46,70CGBA5KBFX6,9,2020,24
7955,Model D,89235.35,QTSM37H1QP1G,9,2020,24
7820,Model C,75560.02,U3TTFAX5YP4C,9,2020,24
4990,Model C,74795.69,75J2N7M57GWR,9,2020,24
5,Model D,83483.91,GO3YFZ5EV6N7,9,2020,24
268,Model D,77561.47,MHDM3BN4SC6J,9,2020,25
3721,Model C,71169.47,TDUT5QNKYBIV,9,2020,25
9241,Model D,92195.3,58O053B4Y10T,9,2020,25
7202,Model R,112972.52,RTIO8R34R0O5,9,2020,25
8975,Model R,113109.64,HDA2D998A52S,9,2020,25
8945,Model R,103268.78,1FLCO1X9JVL7,9,2020,25
7126,Model D,76243.33,1JC06T67HPBS,9,2020,25
7525,Model C,83329.14,RFR48CYV7YH8,9,2020,25
535,Model R,112376.15,UMY58IJZT3B9,9,2020,25
1783,Model R,95925.84,A0WW9XIDUPQ5,9,2020,25
7265,Model D,75287.58,YHFUBJBTVN1D,9,2020,25
8867,Model D,86283.1,RZKPIOCUJ062,9,2020,26
3973,Model R,117783.42,G17AZJF90PBT,9,2020,26
6151,Model D,91267.81,62UUTUFBK3YZ,9,2020,26
7177,Model R,109260.0,ZO8YVLOGB61A,9,2020,26
407,Model D,84518.48,GBUTR1RP1F8V,9,2020,26
3094,Model C,67301.22,XR3O7EIMCI0B,9,2020,26
8290,Model R,117244.51,YNEFSO1VGH5F,9,2020,26
5639,Model D,83873.92,PFN64YY39WM0,9,2020,26
415,Model R,109649.24,ERFAIIHXI71R,9,2020,26
6188,Model R,100328.06,F7PK26FXFFFZ,9,2020,26
8588,Model R,112292.65,B7P3BNYO4N5R,9,2020,26
5182,Model D,74982.57,FF52BGOGOEDG,9,2020,26
7094,Model R,95986.48,SHKE5PUDGMHS,9,2020,26
5194,Model C,79518.83,SN7IPAMZD38J,9,2020,26
7670,Model D,86195.7,PHYSHXV4G084,9,2020,26
4055,Model D,92793.11,LA2QOT1FSR44,9,2020,26
6997,Model C,79088.02,BC82YKPE4VXJ,9,2020,26
4867,Model C,72686.65,BI3KKZ7IPDA8,9,2020,26
4738,Model D,92075.32,AX4KW7QGMWMF,9,2020,26
2609,Model C,70690.95,7PT2733XZO5W,9,2020,26
6938,Model C,70536.35,X5C501CW6CJY,9,2020,26
1124,Model R,97319.23,0CCQONNJ4DFX,9,2020,26
4789,Model D,95056.26,9PX2ZOMHS60J,9,2020,26
5041,Model R,116355.66,YQXKLQ04URUY,9,2020,27
8230,Model D,92704.32,MQXDXOZP4EAS,9,2020,27
2521,Model C,77780.09,F4G65G7KTM07,9,2020,27
7333,Model C,75856.13,5K8UQIYU5U21,9,2020,27
8128,Model R,95553.13,QM16KNEUBJEB,9,2020,27
1648,Model R,92521.15,YB9QDMBZ97OO,9,2020,27
1478,Model D,81321.29,P7ZP88VI4F1B,9,2020,27
5843,Model C,76063.9,ZXZXRE9NA1MF,9,2020,27
4559,Model R,112272.44,IEI258LHK5M0,9,2020,27
7661,Model D,78617.96,O0AG7H4VZ3PC,9,2020,27
4622,Model D,84745.14,QEIDS9EHOMNW,9,2020,27
9977,Model D,81565.08,PXJ8OJJ8FNH7,9,2020,27
8143,Model D,91652.26,JS72Q2XTFPKI,9,2020,27
9595,Model R,101003.31,I85JFE6MG0HA,9,2020,27
6992,Model C,65576.99,UDJQUIPPSXOS,9,2020,27
301,Model C,70405.11,P2VF37RTIFYW,9,2020,27
7745,Model D,85364.89,WL3U5O2K4546,9,2020,28
8765,Model D,92673.98,0MW6O3W6CR59,9,2020,28
6868,Model D,80497.91,CCVEOG603ZJY,9,2020,28
9749,Model D,77808.19,MHHX99B7LVKQ,9,2020,28
7121,Model D,92010.41,W1QIZKC1WSRJ,9,2020,28
3194,Model R,118853.33,ZLM9WC4Z23K9,9,2020,28
9746,Model C,70326.1,RHKEC98AGAV7,9,2020,28
6641,Model C,68158.11,YQ8FU9QV9WMI,9,2020,28
1801,Model C,82662.78,ARI46NJ2BIRI,9,2020,28
5363,Model D,76746.99,Q7SR5RU89Y7Q,9,2020,28
514,Model D,76946.79,9AQA89K56FO7,9,2020,28
9322,Model R,93651.49,SW1X5K36AMJN,9,2020,28
2069,Model D,78848.95,2O2IVMSZWZB6,9,2020,28
2455,Model C,79963.97,8B6OKLJJ2JJU,9,2020,28
4534,Model C,79602.37,CFMN7WRTJI2M,9,2020,28
1114,Model C,75416.61,7L3VX2PWG1UW,9,2020,28
6050,Model R,96354.68,65SMPBRK7FHV,9,2020,28
7355,Model D,89300.22,630XYMV02UPP,9,2020,28
9218,Model D,92517.77,KX4MX99BG2SY,9,2020,28
9223,Model C,79222.38,PO16KTJ9CSGD,9,2020,29
979,Model D,83359.68,KMQNG33AZ7QP,9,2020,29
1613,Model C,76863.78,CAWOTRLP7X0Q,9,2020,29
2747,Model D,86733.0,YQOFOAF3GBUA,9,2020,29
1202,Model R,98653.72,F780NYCE261B,9,2020,29
8122,Model D,78526.54,F0O0F3CMQXT8,9,2020,29
2597,Model C,70257.47,IALTPZ7DNB0J,9,2020,29
698,Model D,80853.1,KN93WQHGSFY7,9,2020,29
9634,Model R,110022.09,I6ET2LVDTKBW,9,2020,29
2387,Model C,66004.09,OPMFS6CUIQ5H,9,2020,29
7285,Model D,78988.11,38AAY8RWK6L1,9,2020,29
316,Model D,90161.97,OO2CYPK9QHCQ,9,2020,29
1507,Model C,65856.92,C0R9JOP52O08,9,2020,29
5702,Model C,69689.77,UQH4N591IFQ2,9,2020,29
2122,Model C,75246.62,YIQDFKLITR5A,9,2020,30
7780,Model C,71989.55,3AKMI48Z2BIJ,9,2020,30
1330,Model R,103612.35,BN518PD58L82,9,2020,30
2771,Model D,74719.38,JW5UEEKENCA2,9,2020,30
7442,Model R,115755.9,8KTGMPU4IJQQ,9,2020,30
2887,Model D,91429.03,KONPOWGE7B3U,9,2020,30
313,Model C,66909.93,IBYNH0RROQ8I,9,2020,30
14,Model D,76133.27,XTWZMXBVHDVN,9,2020,30
5821,Model R,95208.18,YRLIK4OFA4NH,9,2020,30
7222,Model C,80319.2,G72L6D47VMX6,9,2020,30
5300,Model C,78206.1,U7KQUXRLE50W,9,2020,30
5908,Model R,108025.88,QT4GIBG3SNKG,9,2020,30
3835,Model C,67913.61,2SGS5FAVIVM3,9,2020,30
2912,Model R,107512.26,JOJ29L3JC9X7,9,2020,30
7576,Model D,89228.7,Y12UMH2XB1J1,9,2020,30
5728,Model C,70109.56,0ZXRA637ZILG,9,2020,30
9167,Model D,89043.68,F1DM03TMXA5D,9,2020,30
7213,Model D,92937.66,IPQT2RZPQXUH,9,2020,30
